Country Name,Country Code,Indicator Name,Indicator Code,1960,1961,1962,1963,1964,1965,1966,1967,1968,1969,1970,1971,1972,1973,1974,1975,1976,1977,1978,1979,1980,1981,1982,1983,1984,1985,1986,1987,1988,1989,1990,1991,1992,1993,1994,1995,1996,1997,1998,1999,2000,2001,2002,2003,2004,2005,2006,2007,2008,2009,2010,2011,2012,2013,2014,2015,2016
Aruba,ABW,Population density (people per sq. km of land area),EN.POP.DNST,,308.766666666667,312.888888888889,316.677777777778,320.105555555556,323.277777777778,326.077777777778,327.722222222222,328.161111111111,328.066666666667,327.5,326.561111111111,322.483333333333,323.883333333333,324.161111111111,323.861111111111,324.266666666667,325.444444444444,326.533333333333,328.838888888889,332.827777777778,336.461111111111,340.422222222222,345.711111111111,349.45,342.933333333333,332.95,328.661111111111,329.616666666667,335.794444444444,348.627777777778,366.088888888889,383.361111111111,409.361111111111,431.083333333333,443.361111111111,461.227777777778,479.45,491.394444444444,498.105555555556,503.266666666667,507.994444444444,511.522222222222,517.377777777778,528.544444444444,542.416666666667,552.25,556.388888888889,560.65,564.466666666667,565.766666666667,569.95,578.388888888889,587.083333333333,593.372222222222,599.477777777778,604.038888888889
Africa Eastern and Southern,AFE,Population density (people per sq. km of land area),EN.POP.DNST,,12.0360166751227,12.3638096910293,12.7039637532132,13.0607638248876,13.4329605607623,13.8158249081468,14.2145029690541,14.6313733757768,15.0603067561359,15.5016687831597,15.9557026379744,16.415767619072,16.9022721932297,17.4126557479122,17.9289362195754,18.4596806503626,18.9894753407758,19.5657410611332,20.1876498418917,20.8022371401755,21.4557408997936,22.1568840944491,22.8619681212798,23.5662342735586,24.2866024775452,25.0231189719045,25.7843511593151,26.5442947932109,27.305069190799,28.0991087474811,28.8827576739734,29.661491241108,27.7414556761445,28.4890858686785,29.2384182309521,30.0221550195394,30.8017560579786,31.6102044415815,32.4502751850645,33.3035106646153,34.1768746149742,35.0798625833507,36.010765348288,36.5295746590212,37.5135919528181,38.5286306361067,39.5795390720338,40.6724831497104,41.8010527779488,42.9574912715677,44.1254633537399,37.6965165566856,38.7469753050245,39.809154639038,40.8918114438629,41.9804907421639
Afghanistan,AFG,Population density (people per sq. km of land area),EN.POP.DNST,,14.127045674072,14.4188491789706,14.7256136638916,15.0473268632231,15.3872222988823,15.7404519877957,16.1077518666728,16.4925287091977,16.8919077625991,17.3100409364795,17.7355641414838,18.1741042270365,18.6406620363982,19.1176839458473,19.5850451527835,20.0233828557411,20.4540668169204,20.8690814589945,20.936735507413,20.1912070895236,18.302716833019,16.8519969949251,16.7394661392454,17.1568633764163,17.5196663753584,17.5092743357405,17.4598193888659,17.6675375251062,18.205369271576,18.4684237155605,18.7646673719393,20.3593425632062,22.9108933965012,24.9157413795747,26.1653649786118,27.2346656854177,28.2907731935054,29.3761341857934,30.49198135627,30.8638471091486,31.099929472732,32.77696058139,34.8543443263879,36.1232295355933,37.4171181945019,38.9802584977692,39.7250233813225,40.6031951918802,42.1110666482682,43.3652070588596,44.9959492816951,46.8546892967205,48.4839765113534,50.2775447311531,51.8709105683578,53.2030296061205
Africa Western and Central,AFW,Population density (people per sq. km of land area),EN.POP.DNST,,11.0214770664715,11.2589239248423,11.5059143897473,11.759627395104,12.0216091605889,12.2921511775721,12.5696001140763,12.8576691965361,13.1632200234785,13.4847910481088,13.8145904861285,14.1573238726679,14.5188240196848,14.9017721292302,15.3064845707059,15.7225760520375,16.1556732531634,16.613378724665,17.0904229375466,17.5813508619489,18.0889729796657,18.6199231022643,19.1321627322354,19.6393956076756,20.1822823460221,20.7431010924431,21.3187202209207,21.9126299777355,22.5282707516654,23.1357927121818,23.7553627216227,24.4191588785047,25.086537479355,25.7624380650425,26.4765993645656,27.2092314869475,27.9601480469346,28.7414193137574,29.5355163402161,30.3580377811532,31.2198040412214,32.1095196876334,33.02587394343,33.9727377849119,34.9507725149186,35.9529143976528,36.9834635598036,38.0457445350208,39.125749797143,40.2343930539987,41.3866190643593,42.5517015669185,43.7268663398845,44.9333546692491,46.1581148336572,47.4030252780855
Angola,AGO,Population density (people per sq. km of land area),EN.POP.DNST,,4.25249298147108,4.29478623566215,4.33810860672175,4.38292051014679,4.42927809416861,4.47692788962862,4.52539263656052,4.57423518087752,4.62315312424801,4.69462420790888,4.80556830031283,4.95248415817759,5.12435068581054,5.3046980027272,5.48884815914013,5.67471244084383,5.86975936472287,6.07743161947541,6.29438277051416,6.52432180957728,6.76634876072832,7.01985080612818,7.2856204379562,7.56069383171573,7.84400417101147,8.13303120237427,8.42051656372824,8.71203256597417,9.01464827143659,9.32570786877356,9.64428411005053,9.96527793374509,10.2888706184327,10.6278687735622,10.9888329189059,11.3667867169327,11.759375150397,12.1595973369696,12.5669647870378,12.9901892997513,13.4332301275367,13.8988521697281,14.392967032967,14.9197264779017,15.4737795780861,16.0546073634395,16.6668492821048,17.3086187535093,17.9792837089917,18.6851888986925,19.4259661506377,20.1952306088073,20.9879040667362,21.7861305847437,22.5858650838213,23.4082537900056
Albania,ALB,Population density (people per sq. km of land area),EN.POP.DNST,,60.5766423357664,62.456897810219,64.3292335766423,66.2093065693431,68.0580656934307,69.8749270072993,71.7371532846715,73.8055474452555,75.9742700729927,77.9371897810219,79.8486496350365,81.8659124087591,83.8230656934307,85.7709489051095,87.7675547445255,89.7272262773723,91.7352554744526,93.6593430656934,95.5413138686131,97.5181386861314,99.491094890511,101.61598540146,103.794160583942,106.001058394161,108.20299270073,110.315145985401,112.540328467153,114.683795620438,117.808138686131,119.946788321168,119.225912408759,118.505072992701,117.784197080292,117.063357664234,116.342481751825,115.621642335766,114.900766423358,114.179927007299,113.459051094891,112.738211678832,111.685145985401,111.350729927007,110.934890510949,110.472226277372,109.908284671533,109.21704379562,108.394781021898,107.566204379562,106.843759124088,106.314635036496,106.02901459854,104.405401459854,102.806642335766,101.232372262774,99.6822262773723,98.155802919708
Andorra,AND,Population density (people per sq. km of land area),EN.POP.DNST,,21.8787234042553,23.5872340425532,25.3510638297872,27.1574468085106,29.0085106382979,31.1191489361702,33.6957446808511,36.5446808510638,39.4787234042553,42.5042553191489,45.6212765957447,48.8446808510638,52.1765957446809,55.5957446808511,59.0914893617021,62.6297872340426,66.163829787234,69.6489361702128,72.9914893617021,76.131914893617,79.0829787234043,82.4765957446808,86.3085106382979,89.9425531914894,93.2446808510638,97.3063829787234,101.389361702128,105.140425531915,107.702127659574,111.908510638298,120.568085106383,128.085106382979,134.621276595745,137.472340425532,135.982978723404,136.136170212766,137.659574468085,139.110638297872,139.808510638298,139.755319148936,140.110638297872,141.502127659574,147.842553191489,158.13829787234,164.725531914894,169.329787234043,174.206382978723,177.648936170213,178.485106382979,171.714893617021,165.495744680851,163.476595744681,159.987234042553,156.887234042553,153.56170212766,153.576595744681
Arab World,ARB,Population density (people per sq. km of land area),EN.POP.DNST,,8.36029483818674,8.58253033189322,8.81482274276306,9.05435482741191,9.30038393652378,9.55930073479026,9.83420327319304,10.1208372498799,10.4182038620435,10.7222454176517,11.0321170018008,11.3511740650197,11.6894397543623,12.0407576545264,12.415730675095,12.8178786695031,13.2259813192415,13.6682728384391,14.1565019739821,14.655211188981,15.1321108769408,15.6087174737088,16.1074025685398,16.6201269361664,17.1389585125101,17.6682251321291,18.2035703900819,18.7149091386154,19.2221778090717,19.8643640183701,20.3287904643631,20.855592010667,21.44343238813,22.0397877037383,22.6028301005987,23.1614720432176,23.7254078637482,24.3065173912776,24.8953185685534,25.5039700746683,26.1298611508539,26.7627925444071,27.3972610847768,28.0421467594687,28.7157314954512,29.4185278894372,30.1680454274111,30.9456223002043,31.7272353692493,32.3666218189319,33.1221072734311,29.0844280794096,29.8423825738577,30.550772641086,31.3110035717644,32.0451442075354
United Arab Emirates,ARE,Population density (people per sq. km of land area),EN.POP.DNST,,1.94295972965362,2.04091805125317,2.14321317938609,2.24854970430865,2.35290059138271,2.44967614756407,2.53027316248944,2.80788510278795,3.37454238242749,4.03458180794143,4.71736130667418,5.4212052942833,6.14473387778091,6.88660940580118,7.64370599831034,8.67172627428893,10.0001267248662,11.3950154885948,12.8415939172064,14.301605181639,15.4865530836384,16.4231202478175,17.3937623204731,18.3891298225852,19.4017319065052,20.6615460433681,22.1662067023374,23.6804843705998,25.2020698394818,26.7279639538158,28.2543790481554,29.7765418192059,31.2882709096029,32.7821458744016,34.2813573641228,36.5751056040552,39.6706561531963,42.81077161363,45.9871726274289,49.1914249507181,52.4301605181639,55.7142495071811,59.0320613911574,62.3622500704027,65.6827654181921,70.5308363841172,79.1979019994368,88.7449169248099,94.439003097719,96.7310335116868,100.035736412278,104.075584342439,108.322036046184,113.481272880879,119.75833568009,125.8109687412
Argentina,ARG,Population density (people per sq. km of land area),EN.POP.DNST,,7.57348329551392,7.70000913512309,7.82759647603492,7.95466530736035,8.0800635073757,8.20476305317738,8.33088840899042,8.45933700930686,8.59019874373787,8.72525824992966,8.86370323273736,9.00515878670949,9.15193354015252,9.3037030134944,9.45452608808451,9.60367560812514,9.75697101242742,9.91422411745576,10.0738099675155,10.2355750925388,10.4008707599326,10.5690677424188,10.739737420022,10.9121212121212,11.085084901834,11.258849193734,11.4341638987244,11.6127628631668,11.7919632841133,11.9691674979629,12.1425130358206,12.3117806547325,12.4795709415389,12.647940029744,12.8147579740489,12.9769148131502,13.1354998191246,13.2908221245373,13.4449579601636,13.5981729753827,13.7482962995443,13.8961113608045,14.0404218234436,14.1835268152403,14.3300077831249,14.4781158991336,14.6223222213696,14.7711827061158,14.9285563947689,15.0870920710786,15.2485886234831,15.4061004351973,15.5598387102668,15.7212073709481,15.8867142423877,16.0413905118958
Armenia,ARM,Population density (people per sq. km of land area),EN.POP.DNST,,,,,,,,,,,,,,,,,,,,,,,,,,,,,,,,,125.460519845451,121.29722514928,118.180892167194,116.177766069547,115.164559185107,114.024903407095,112.694099051633,111.249947312961,113.140147523709,112.813487881981,112.391991570074,111.784334387074,111.166139796277,110.516332982086,109.838426413769,109.146469968388,108.433438707411,107.692307692308,106.947664207938,106.354056902002,106.220583069898,106.146821215314,105.858798735511,105.535651563049,105.103617843344
American Samoa,ASM,Population density (people per sq. km of land area),EN.POP.DNST,,103.33,106.49,109.83,113.365,117.03,120.68,124.315,128.07,131.875,135.13,137.665,139.975,142.18,144.375,146.95,149.795,152.605,155.38,158.055,162.015,167.92,174.545,181.355,188.335,195.515,202.855,210.36,218.075,225.955,233.2,239.41,245.19,250.795,256.255,261.58,266.765,271.81,276.67,281.24,284.275,285.265,285.31,284.855,284.09,283.085,281.87,280.565,279.14,277.64,276.14,274.475,272.445,270.03,267.33,264.39,261.225
Antigua and Barbuda,ATG,Population density (people per sq. km of land area),EN.POP.DNST,,128.5,130.309090909091,132.131818181818,134.136363636364,136.295454545455,138.409090909091,140.538636363636,142.747727272727,145.043181818182,146.654545454545,147.111363636364,146.852272727273,146.231818181818,145.586363636364,145.088636363636,144.913636363636,145.140909090909,145.540909090909,146.077272727273,146.620454545455,146.965909090909,147.238636363636,147.577272727273,147.459090909091,146.797727272727,146.081818181818,145.331818181818,144.597727272727,143.920454545455,143.331818181818,144.061363636364,146.372727272727,149.061363636364,151.915909090909,154.975,158.209090909091,161.484090909091,164.572727272727,167.422727272727,170.254545454545,172.884090909091,175.072727272727,177.009090909091,178.906818181818,180.934090909091,183.190909090909,185.690909090909,188.436363636364,191.302272727273,193.909090909091,196.209090909091,198.318181818182,200.145454545455,201.738636363636,203.202272727273,204.475
Australia,AUS,Population density (people per sq. km of land area),EN.POP.DNST,,1.36456529945459,1.39827916118871,1.42535438605626,1.45360113507673,1.48236856149851,1.51660310063392,1.53586816448199,1.56320372805019,1.59626674303269,1.62802806451193,1.68400088515158,1.71524152922953,1.74166590734546,1.78631399450685,1.80844278406206,1.82666649310753,1.84736341980917,1.86897153196308,1.88927795061375,1.91244809497156,1.94255105892766,1.97652356716088,2.00375824948258,2.02795920492561,2.05515431576481,2.08509821277482,2.11705791234396,2.15198104734259,2.18872160681046,2.22135662496908,2.24985173710998,2.27518256251383,2.2955115004621,2.31772620178853,2.34368379261419,2.37230608021035,2.39811475729925,2.42213712039363,2.44878018301811,2.47696679379873,2.50897530687424,2.53767882014501,2.5670355232157,2.5946294729443,2.62640667508428,2.66208895773401,2.71111802454994,2.76599442875181,2.8235883784804,2.86785858401781,2.90798641031983,2.95920036968095,3.01057352615753,3.05581479504836,3.10011259648803,3.14493553058884
Austria,AUT,Population density (people per sq. km of land area),EN.POP.DNST,,85.8737154629181,86.4016480853127,86.9584464372273,87.5400024236549,88.1106277266117,88.7308046534174,89.3964857004363,89.8618880271449,90.1727460009695,90.4881968007756,90.8928986912264,91.422697527872,91.930622879302,92.0872273388269,91.843225884634,91.6811076102763,91.7163111972855,91.6420867668444,91.4860033931168,91.4861003393117,91.7197043141057,91.7855065438682,91.6373000484731,91.6315317498788,91.6745637421231,91.7328405235095,91.7909112942317,91.9209524963645,92.3360033931168,93.0422927775085,93.9758967523025,95.0158628211343,95.8026296655356,96.1720552593311,96.3194134755211,96.4495516238488,96.5589069316529,96.6649175957344,96.8531749878817,97.0863548230732,97.4587130392632,97.9393722733883,98.4176320891905,99.0301260300533,99.7070891904993,100.201660203587,100.526987396995,100.842171594765,101.106677169171,101.350024236549,101.692232186137,102.156943771207,102.760821619001,103.567086766844,104.734597673291,105.873339796413
Azerbaijan,AZE,Population density (people per sq. km of land area),EN.POP.DNST,,,,,,,,,,,,,,,,,,,,,,,,,,,,,,,,,88.7084369780213,90.0633284064554,91.2860353052862,92.3471165747383,93.2862275736929,94.1904899239338,95.2317912675107,96.5207665800133,97.434779976999,98.1937920681807,98.9124645960929,99.6237235638581,100.475372556609,101.522501814662,102.672531674674,103.853368672016,106.059762547351,108.291290455327,109.542344173442,110.976336228798,112.460790244138,113.923480806688,115.348813858679,116.731076781631,118.033288980283
Burundi,BDI,Population density (people per sq. km of land area),EN.POP.DNST,,110.401830218069,113.23765576324,115.648014018692,118.989485981308,122.327375389408,125.309968847352,128.531542056075,131.635007788162,134.52453271028,137.477881619938,140.860163551402,140.853894080997,140.653855140187,144.220794392523,147.843146417445,151.192601246106,155.123909657321,159.670482866044,163.688862928349,170.705062305296,177.804283489097,182.297118380062,187.247975077882,191.840537383178,196.029672897196,199.743535825545,204.353076323988,208.930179127726,213.072663551402,217.564330218069,222.11281152648,228.131113707165,221.060864485981,222.502102803738,236.227258566978,236.390420560748,236.372352024922,240.930996884735,246.773948598131,251.954595015576,258.347546728972,265.73722741433,274.266121495327,284.682866043614,295.455568535826,306.290771028037,317.829984423676,331.216394080997,348.428582554517,365.126323987539,378.425934579439,392.173987538941,406.516394080997,420.552375389408,430.201713395639,437.673325545171
Belgium,BEL,Population density (people per sq. km of land area),EN.POP.DNST,,,,,,,,,,,,,,,,,,,,,,,,,,,,,,,,,,,,,,,,,337.957010516599,339.121418916691,340.64500708799,342.074077737118,343.557742392774,345.452708271519,347.738700425279,350.301651666502,353.079912966077,355.932252002769,359.199090099891,363.902812118814,366.166617215574,367.896581281113,369.533412455082,371.680875614018,373.567467774371
Benin,BEN,Population density (people per sq. km of land area),EN.POP.DNST,,22.6961954593828,23.0991397658744,23.5270308620078,23.9801614047535,24.458460446967,24.9584693153601,25.4788666193686,26.0221443774388,26.5894111387017,27.1821301880099,27.8003458673288,28.4457520397304,29.1193330968429,29.8211511174175,30.5552234835048,31.3249024476765,32.1319794253281,32.9753902092941,33.8642071656616,34.8106686768358,35.8132937211777,36.8623270663356,37.9476587442355,39.0732085846045,40.2448740688187,41.4634622206456,42.7322277403334,44.0523323873714,45.42086732884,46.8382316424264,48.3055338772614,49.821248669741,52.0814650585314,54.0662114224902,55.2214703795672,56.6855090457609,58.3838683930472,60.2118570415041,62.1037424618659,64.0441557289819,66.0304717985101,68.0686945725434,70.1762149698475,72.3580525008868,74.7263568641362,77.0950869102519,79.4073164242639,81.8416637105357,84.3333008158922,86.8879389854558,89.5142160340546,92.2105090457609,94.9701489890032,97.8184107839659,100.750984391628,103.741060659808
Burkina Faso,BFA,Population density (people per sq. km of land area),EN.POP.DNST,,17.7201169590643,17.9812573099415,18.2515460526316,18.534480994152,18.8334539473684,19.1444919590643,19.4676461988304,19.804985380117,20.1505007309942,20.5054970760234,20.8625694444444,21.2252704678363,21.6079203216374,22.0208479532164,22.4691849415205,22.9555372807018,23.4968347953216,24.0898538011696,24.7218676900585,25.3943713450292,26.0974817251462,26.8282054093567,27.5991557017544,28.4073684210526,29.2395285087719,30.0761951754386,30.9104861111111,31.7523209064328,32.6066337719298,33.4771783625731,34.3371052631579,35.1947185672515,36.0808223684211,37.0021856725146,37.9631652046784,38.9471564327485,39.9642653508772,41.084298245614,42.3060233918129,43.5875219298246,44.9378691520468,46.348307748538,47.8162719298246,49.3440533625731,50.9215021929825,52.5354788011696,54.1531688596491,55.7678837719298,57.419831871345,59.1246271929825,60.8987865497076,62.764206871345,64.6762024853801,66.6281469298246,68.6311659356725,70.6683333333333
Bangladesh,BGD,Population density (people per sq. km of land area),EN.POP.DNST,,409.544042406084,421.611323653684,434.08160098333,446.941491895214,460.186824921257,473.763586079742,487.907574709995,502.483490819697,516.971137742952,530.528493508489,539.884443420143,550.368894522547,566.353952523623,582.617715295383,598.0974955827,613.469447645387,628.925743258815,644.46228009526,660.175708688638,676.165260812783,693.732081124683,713.025328416686,732.389605899977,751.440162863947,770.176115848506,788.473319505262,806.324736882538,823.661427364216,840.699078128601,857.599423830376,874.142344626258,890.775078743182,907.523699777214,924.507789813321,941.848121687025,959.223930245064,977.168848428978,995.792671122378,1014.88872243989,1033.6045478989,1050.97802873166,1067.32471383575,1082.97112237843,1097.8171314435,1111.74453407083,1124.7289928555,1136.89235614965,1148.30040715987,1159.05134823692,1169.25544288238,1179.92683413997,1191.28909118845,1202.52086502266,1213.52791733886,1224.42328493508,1235.3993393255
Bulgaria,BGR,Population density (people per sq. km of land area),EN.POP.DNST,,71.798951459821,72.4301364910061,73.0194793455663,73.6178251830426,74.1586188194884,74.6457290065986,75.1172918738136,75.6540088583567,76.2376570550484,76.7384434601826,77.1616650094911,77.5214679562506,77.9261231130796,78.4483865136039,78.8280032540902,79.1701979571545,79.5822380909337,79.6712645756124,79.7789026484679,80.1006508180421,80.3680466419597,80.6061375757028,80.8075386423212,80.9968272620446,80.9956340956341,80.9741571002441,81.0933652716261,81.1845430714996,80.2401880141011,78.8058302449607,78.0291693030823,77.1957335261683,76.5824188737232,76.3227967097532,75.9836120401338,75.5927506101419,75.1339419687246,74.6342402603272,74.216975503932,73.8513242339329,72.3957516044473,72.0327297794118,71.4841132665257,70.953107760206,70.4986377025037,69.9716652858326,69.4718534204953,68.98592210662,68.5744565217391,68.1245302137067,67.6890935887988,67.2981577008106,65.9543570375829,65.1581798084009,64.3351602800295,63.5053334561533
Bahrain,BHR,Population density (people per sq. km of land area),EN.POP.DNST,,249.776811594203,259.926086956522,270.291304347826,280.892753623188,291.110144927536,300.786956521739,310.41884057971,317.879710144928,322.41884057971,325.810144927536,334.395652173913,350.888405797101,370.028985507246,389.910144927536,410.497101449275,431.685507246377,453.366666666667,475.428985507246,497.763768115942,520.257971014493,541.339130434783,560.844927536232,580.734782608696,601.672463768116,623.707246376812,646.791304347826,670.802898550725,695.549275362319,720.763768115942,746.082608695652,729.060869565217,727.405633802817,746.795774647887,766.712676056338,787.153521126761,808.157746478873,829.739436619718,851.89014084507,874.632394366197,898.002816901408,931.430985915493,1000.77887323944,1061.82916666667,1128.41232876712,1201.11081081081,1297.87027027027,1385.72666666667,1451.96842105263,1550.54605263158,1612.26115485564,1558.0443285528,1570.08311688312,1627.52077922078,1705.00907911803,1761.33933161954,1827.63286264442
"Bahamas, The",BHS,Population density (people per sq. km of land area),EN.POP.DNST,,12.2074925074925,12.8364635364635,13.4952047952048,14.1386613386613,14.7804195804196,15.4719280719281,16.2104895104895,16.9919080919081,17.7803196803197,18.4797202797203,19.0666333666334,19.5859140859141,20.059040959041,20.5136863136863,20.9676323676324,21.4286713286713,21.8938061938062,22.3537462537463,22.8001998001998,23.2293706293706,23.6377622377622,24.0373626373626,24.4453546453546,24.8614385614386,25.2901098901099,25.7278721278721,26.1673326673327,26.6181818181818,27.0907092907093,27.5669330669331,28.0450549450549,28.5641358641359,29.1047952047952,29.6212787212787,30.115984015984,30.5962037962038,31.0593406593407,31.5052947052947,31.9294705294705,32.3511488511488,32.7508491508491,33.1282717282717,33.5282717282717,33.9442557442557,34.355044955045,34.8026973026973,35.2981018981019,35.7762237762238,36.2447552447552,36.7110889110889,37.1357642357642,37.5093906093906,37.8574425574426,38.1916083916084,38.4961038961039,38.7667332667333
Bosnia and Herzegovina,BIH,Population density (people per sq. km of land area),EN.POP.DNST,,,,,,,,,,,,,,,,,,,,,,,,,,,,,,,,,82.70734375,76.2594140625,72.761953125,72.569609375,75.6883984375,78.48099609375,79.870234375,80.67001953125,81.24552734375,81.6296484375,81.7969140625,81.61177734375,80.87865234375,80.00962890625,79.36078125,78.3871875,77.10046875,75.7772265625,74.4428125,73.0819921875,71.68189453125,70.52458984375,69.62556640625,68.72150390625,67.83208984375
Belarus,BLR,Population density (people per sq. km of land area),EN.POP.DNST,,,,,,,,,,,,,,,,,,,,,,,,,,,,,,,,,50.3452948829141,50.4655186010291,50.4093839647473,50.2485902162983,50.083158330622,49.8751965689778,49.6574109225012,49.4329775433234,49.1974779144976,48.9467226045631,48.6397310049352,48.3012483606638,47.9754751867465,47.6446879945571,47.3372826558372,47.1212709646576,46.9585563473992,46.8441433626748,46.7409685463919,46.6297521068454,46.5593029044007,46.5393725235082,46.5506003261518,46.611337189252,46.6499448243246
Belize,BLZ,Population density (people per sq. km of land area),EN.POP.DNST,,4.10486628671635,4.21052170100833,4.32722490135905,4.4543182814555,4.58899605436212,4.73064445418676,4.87821131082858,5.02906619903551,5.17492327926348,5.29311705392372,5.38382288469969,5.4658483121438,5.54340201665936,5.61968434896975,5.71622095572117,5.8351161771153,5.9573432704954,6.08123629986848,6.21122314774222,6.35957913195967,6.52284085927225,6.68776852257782,6.8521262604121,7.01639631740465,7.18088557650153,7.34563787812363,7.51153003068829,7.67996492766331,7.8521262604121,8.02612889083735,8.19991231915826,8.37277509864095,8.5445857080228,8.72849627356423,8.94984655852696,9.22007891275756,9.5329241560719,9.87167908811925,10.2174046470846,10.5567295046032,10.889039894783,11.2235423060061,11.5642262165717,11.9109162647961,12.2635247698378,12.6206926786497,12.9811486190267,13.3433143358176,13.7051293292416,14.0396755808856,14.3488820692679,14.6608505041648,14.977071459886,15.2969311705392,15.6217886891714,15.9888206926786
Bermuda,BMU,Population density (people per sq. km of land area),EN.POP.DNST,,798.574074074074,819.240740740741,839.62962962963,859.444444444444,878.907407407407,898.777777777778,916.925925925926,933.407407407407,950.111111111111,965.259259259259,974.203703703704,977.833333333333,980.481481481482,982.518518518518,983.87037037037,985.37037037037,987.444444444444,989.462962962963,991.055555555556,993.944444444444,999.944444444444,1007.16666666667,1014.38888888889,1021.64814814815,1028.64814814815,1034.98148148148,1041.94444444444,1049.98148148148,1057.94444444444,1065.90740740741,1073.77777777778,1081.61111111111,1089.18518518519,1096.18518518519,1102.33333333333,1107.64814814815,1114.38888888889,1122.94444444444,1131.92592592593,1139.81481481481,1145.68518518519,1150.77777777778,1155.2962962963,1158.42592592593,1161.31481481481,1163.59259259259,1166.85185185185,1172.22222222222,1177.12962962963,1180.09259259259,1180.24074074074,1178.62962962963,1177.2962962963,1176.46296296296,1175.25925925926,1174.98148148148
Bolivia,BOL,Population density (people per sq. km of land area),EN.POP.DNST,,3.48816671282193,3.56087233453337,3.63603157020216,3.71364903535493,3.79377457767931,3.87662697313763,3.96249607680236,4.05145758331026,4.14311086494969,4.23706267885166,4.33337210375704,4.43180836333426,4.53263177328533,4.63627342379766,4.74248961506508,4.85229945536786,4.96553678574725,5.08088525800794,5.19786670359088,5.31607126373119,5.43534477983938,5.55532908704883,5.67623003784732,5.79882581002492,5.92281454813994,6.04862826548509,6.17757038678113,6.30989384288747,6.44490538170405,6.58187205760177,6.7204735530324,6.8589827379304,6.99639527370073,7.1331320963722,7.26915535862642,7.40490722791471,7.53983199483061,7.67413828117788,7.80929197821471,7.94454537062679,8.07969722145297,8.21596510661866,8.35474937690391,8.49652635465707,8.64096187575002,8.78952183144097,8.94116126650051,9.09337948859965,9.24607680236315,9.39937690390474,9.55315148158405,9.7071974522293,9.86117234376442,10.0146662974245,10.1677328533186,10.3203360103388
Brazil,BRA,Population density (people per sq. km of land area),EN.POP.DNST,,8.92608247768044,9.19646272974609,9.47151339891411,9.74960876462945,10.0282578420558,10.3060440480777,10.5820342803542,10.8566307814897,11.1323544472813,11.4111095291536,11.6939023514801,11.9819477778549,12.275575187781,12.5733327032091,12.8760184682238,13.1863487570201,13.5048338505936,13.8309410945497,14.1635365045333,14.5017265803157,14.8433872847308,15.1855741827727,15.5285837518874,15.8718164567715,16.2136067354699,16.551095100106,16.8823379364308,17.2079382494191,17.5281787574747,17.8440685367797,18.1528732469186,18.458063516524,18.7595059427097,19.0550775651042,19.3506058764271,19.6458241905496,19.9400415642715,20.2389114085191,20.5358540297243,20.8202162203552,21.0933536648106,21.3568430296693,21.610392742883,21.8559563491399,22.0967943824822,22.3318951345634,22.5591243984906,22.7762758221327,22.9811837322658,23.175243415401,23.3646162902273,23.555014752086,23.7467066835444,23.93895376244,24.1292359304821,24.3137963709629
Barbados,BRB,Population density (people per sq. km of land area),EN.POP.DNST,,542.204651162791,547.032558139535,552.458139534884,558.041860465116,563.760465116279,569.758139534884,574.630232558139,578.0,580.102325581395,579.96976744186,579.460465116279,580.6,582.144186046512,583.202325581395,584.127906976744,584.748837209302,585.176744186047,585.002325581395,584.346511627907,584.939534883721,586.674418604651,588.593023255814,590.679069767442,592.837209302326,594.93023255814,596.786046511628,598.323255813953,599.448837209302,600.253488372093,601.353488372093,603.193023255814,605.272093023256,607.039534883721,608.418604651163,609.393023255814,609.962790697674,610.213953488372,610.316279069767,610.504651162791,609.448837209302,610.290697674419,614.297674418605,618.083720930233,621.623255813954,624.897674418605,627.911627906977,630.902325581395,634.218604651163,637.495348837209,640.1,642.183720930233,644.041860465116,645.732558139535,647.320930232558,648.813953488372,650.227906976744
Brunei Darussalam,BRN,Population density (people per sq. km of land area),EN.POP.DNST,,17.5554079696395,18.3527514231499,19.1952561669829,20.0990512333966,21.0318785578748,21.9874762808349,22.9633776091082,23.9510436432638,24.9423149905123,25.6428842504744,26.1709677419355,26.980834914611,27.9637571157495,28.9669829222011,29.9943074003795,31.0449715370019,32.1208728652751,33.1848197343454,34.2356736242884,35.3151802656546,36.4282732447818,37.6024667931689,38.850284629981,40.1633776091082,41.5406072106262,42.9781783681214,44.3757115749526,45.7140417457305,47.0709677419355,48.442504743833,49.8284629981025,51.2028462998102,52.5561669829222,53.907210626186,55.2552182163188,56.5988614800759,57.9394686907021,59.2760910815939,60.6092979127135,61.9400379506641,63.253320683112,64.5349146110057,65.7755218216319,66.9660341555977,68.1055028462998,69.1960151802657,70.3743833017078,71.6874762808349,73.0459203036053,74.4462998102467,75.7853889943074,76.9557874762808,78.026944971537,79.0796963946869,80.1161290322581,81.1316888045541
Bhutan,BTN,Population density (people per sq. km of land area),EN.POP.DNST,,4.93551355863279,5.08606039851893,5.24700896774608,5.41461378764206,5.59039445241102,5.77488603043469,5.96819553538942,6.17064400830426,6.38259529567879,6.60334310724911,6.8319885281339,7.06855296106842,7.31342165528755,7.56668022173234,7.82892793699035,8.10072127217858,8.38214583823813,8.67330864884532,8.97202662500268,9.27603107677161,9.58491535218201,9.8984440211459,10.2189499818077,10.5469254970785,10.8809793891659,11.2219677674807,11.5693983691116,11.9210239068553,12.2763093123301,12.6123536587976,12.8370181709222,12.3659439676391,11.8715193801768,13.9320854271357,13.768567839196,13.7885427135678,14.0376130653266,14.3074120603015,14.6376633165829,14.9965577889447,15.3465829145729,15.6886683417085,16.0216834170854,17.0670304588504,17.3640370438387,17.5984206522024,17.8041556260986,18.0064275782459,18.2067843744261,18.407324815699,18.6105149933101,18.8178240680012,19.0275467639111,19.2339113781252,19.4301230422121,19.6063863255034
Botswana,BWA,Population density (people per sq. km of land area),EN.POP.DNST,,0.931558237608738,0.953162881795564,0.975713302630882,0.999181267975932,1.01399961180809,1.01964956857763,1.02506131667637,1.03041307148025,1.03588304836518,1.04164946270711,1.05955393220758,1.09824254936213,1.15117957404761,1.20947894058899,1.27111675753886,1.33839394420624,1.41085525735359,1.49848958057629,1.59113157941171,1.65420041289503,1.71156635434863,1.78086390344609,1.84591780918603,1.91212746810651,1.97968168263547,2.04797699080691,2.11594057134791,2.18000811673989,2.24140948952764,2.30391191572707,2.36754009845958,2.43508019691917,2.50580523353272,2.57622324563725,2.64470912074533,2.71013357330651,2.7732624000847,2.83538722142819,2.89731794681771,2.95975508619625,3.02128703262577,3.07864944506202,3.13330157217723,3.18872478958234,3.24647892294391,3.30759973885272,3.37233073950558,3.44073897623207,3.51255977273128,3.58744199177739,3.65877049035696,3.72067298360771,3.77725195419335,3.83259047518219,3.88769431651757,3.94328163322923
Central African Republic,CAF,Population density (people per sq. km of land area),EN.POP.DNST,,2.78432694468522,2.8381569231757,2.89425503226428,2.95287649683778,3.01430864554239,3.07888214709943,3.14688111977913,3.2185623936563,3.29306719316832,3.36688978779415,3.43742977302642,3.50535972262352,3.57316125718322,3.64271405181547,3.71427012103117,3.76988988410543,3.80899868374587,3.84917814376063,3.89064496452535,3.93356929596456,3.97830106905519,4.02480818003788,4.07300234357443,4.12310186522842,4.17498475071431,4.22847924491958,4.28449548942181,4.35642396224598,4.46879514591159,4.6099553757745,4.75647853863687,4.90999871584963,5.06892516613695,5.22962855950432,5.37425278500112,5.51536967478892,5.66904234485858,5.82494943657902,5.98646826543388,6.15335323766413,6.29151337121577,6.43050659732255,6.58622427686282,6.73027384506726,6.88434620694083,7.02683713762882,7.16358470576905,7.31802626087515,7.26997174869177,7.21210151208707,7.32771678063501,7.40127772962214,7.45195511894443,7.42107611801342,7.430928761758,7.56631513050178
Canada,CAN,Population density (people per sq. km of land area),EN.POP.DNST,,2.03790269240507,2.0761600742394,2.1151982189683,2.15546327681725,2.19483603421526,2.23610493007153,2.27670460058959,2.31373506930386,2.34541173531246,2.37842685199747,2.44959138216224,2.47819306927932,2.50867784496057,2.54394512798377,2.5813443398594,2.61553428162564,2.64632255099776,2.67279710537734,2.69938107809971,2.73441758991879,2.76835266836873,2.80148233412413,2.82931195827603,2.85614811741335,2.88236647002595,2.91116122865311,2.94978924978724,2.98828599121753,3.04238549833307,3.08860186557717,3.12722531367149,3.16446145763971,3.19942848156117,3.23466308408036,3.26830816488374,3.30265135925243,3.33563636079723,3.36343430828311,3.39088515089358,3.42261133957721,3.45999036315513,3.497728426127,3.529322777419,3.56237648609852,3.59627553791775,3.63291127522004,3.66834597611535,3.70832237476842,3.75101571675707,3.79293521117963,3.83011279793076,3.8718472515473,3.91284812265562,3.9522291338328,3.98239245827659,4.02771072511681
Central Europe and the Baltics,CEB,Population density (people per sq. km of land area),EN.POP.DNST,,125.093415163434,126.15097249349,127.276941230723,128.46477641091,129.450124782986,130.40858301572,131.626929441445,132.769104103086,133.749243811462,134.467131463296,135.148132875765,136.127342891635,137.152150617853,138.27423734791,139.523040299499,140.768665644796,141.90727869564,142.871826973943,143.721500854608,144.527471275282,145.327190840523,146.144448212711,146.916239791627,147.649120926825,148.327705727542,148.986849173834,149.627513091136,150.159049285743,150.51707555628,150.437590675687,150.043418675722,112.404850157769,99.5893270054853,99.5664226561461,99.4258267291832,99.2014149112242,99.0211305141819,98.8558107629949,98.6943885136878,98.1455805547486,97.4326347616992,96.9453892371877,96.6357946311316,96.3611331879134,96.1115677123883,95.8699753736775,95.5226277464895,95.1826331612885,94.9140560740283,94.5723770250091,94.3426815032299,94.1348819123649,93.7188941593356,93.3954139880869,93.1179707001656,92.8247588904212
Switzerland,CHE,Population density (people per sq. km of land area),EN.POP.DNST,,137.479609390812,141.009284557782,144.056036227484,146.458915199352,148.160089050799,149.716707144303,151.583308034811,153.504199554746,155.24152499494,156.367056263914,157.189814814815,158.392936652499,159.566560412872,160.428177494434,160.358024691358,159.444039668083,158.904422181745,158.918690548472,159.235274816709,159.868814337731,160.745797168691,161.687770736763,162.382556880809,162.966410052015,163.687072258833,164.540773281355,165.577197315492,166.798240587759,168.151990971735,169.887250637313,172.023521762943,173.930259050029,175.521148630479,176.925563862413,178.111454004043,178.905301988284,179.342310215106,179.881535754967,180.747049953447,181.771231711013,182.930725796739,184.325482117304,185.703856614881,186.990617655533,188.198156410317,189.388794405946,191.094854564163,193.541360670795,195.977767173332,198.032658685794,200.249864435738,202.390548012367,204.734336607627,207.250751433234,209.626620751132,211.931572125581
Channel Islands,CHI,Population density (people per sq. km of land area),EN.POP.DNST,,564.555555555556,570.469696969697,576.939393939394,583.641414141414,590.29797979798,596.89898989899,603.560606060606,610.065656565657,616.358585858586,622.666666666667,629.065656565657,635.171717171717,640.772727272727,645.924242424242,650.409090909091,653.489898989899,655.181818181818,656.469696969697,657.676767676768,658.89898989899,662.010101010101,667.535353535354,673.80303030303,680.439393939394,687.247474747475,694.00505050505,700.722222222222,707.520202020202,714.651515151515,722.661616161616,728.631313131313,730.974747474747,732.242424242424,733.146464646465,733.570707070707,735.176767676768,738.454545454545,741.949494949495,745.222222222222,748.030303030303,751.767676767677,756.974747474747,762.424242424242,767.873737373737,773.363636363636,778.858585858586,784.388888888889,789.939393939394,795.510101010101,801.116161616162,806.59595959596,811.954545454545,817.055555555556,821.848484848485,825.525252525253,827.691919191919
Chile,CHL,Population density (people per sq. km of land area),EN.POP.DNST,,11.1962928293604,11.4279667855587,11.6607543454754,11.892595073245,12.1217889747852,12.3487919820532,12.5736874808347,12.7966462774971,13.0193212935018,13.2413184637648,13.4623674569487,13.6842503079894,13.9070840259733,14.129609754523,14.3525214785645,14.5767108880317,14.8016749783466,15.026515334915,15.2512319577369,15.4782174808885,15.7070805291501,15.9377323370077,16.1743381589494,16.4185710904171,16.6708009877181,16.9312336254526,17.2018823668652,17.4833416719119,17.7732834632538,18.0720883566545,18.3751217163485,18.6738122905268,18.9666026479022,19.2543912030686,19.5383399772975,19.8162903546855,20.0831087296848,20.3458613751661,20.6034346874109,20.8513352485165,21.0937108288547,21.3278312164103,21.5522021917012,21.7708477913526,21.9879951367258,22.2037450977228,22.4221432298812,22.6472942657478,22.876931994857,23.107901206673,23.3370130673596,23.5620242302954,23.7878208335351,24.0860324163393,24.333348398175,24.6093854617587
China,CHN,Population density (people per sq. km of land area),EN.POP.DNST,,70.3357920805262,70.9152397944239,72.6796793864671,74.3860676909967,76.1787340558677,78.3319575000666,80.3717412723351,82.497803104945,84.7894975101856,87.1637419114318,89.5912443746172,91.8200942667696,93.9408302931856,95.9017921337843,97.6108433414108,99.132958751631,100.493169653556,101.846989588049,103.214656618646,104.517348813677,105.864777780737,107.435358027321,108.999014725854,110.438580140069,111.952706840998,113.630335792081,115.467206348361,117.341357547999,119.154261976407,120.915506084734,122.576625036615,124.088088834447,125.522861023087,126.949644502437,128.336621134526,129.688982907321,131.023100200996,132.286384121395,133.436760709953,134.492481002789,135.473048750848,136.383779609948,137.235919250104,138.053436689892,138.867766063821,139.645342881819,140.376588050196,141.097705219827,141.801244134798,142.487743405,143.268509836432,144.243669001474,145.207643927049,146.125816729087,146.977949259981,147.822641376791
Cote d'Ivoire,CIV,Population density (people per sq. km of land area),EN.POP.DNST,,11.981606918239,12.4432044025157,12.9310094339623,13.4401006289308,13.9697389937107,14.5205,15.093534591195,15.6918899371069,16.3277389937107,17.0175062893082,17.7700251572327,18.5840125786164,19.4495094339623,20.3586698113208,21.3091100628931,22.1948364779874,23.025,23.909213836478,24.8498962264151,25.8513018867925,26.907534591195,28.0123773584906,29.159572327044,30.347534591195,31.5738459119497,32.833072327044,34.1241352201258,35.4565691823899,36.8546257861635,38.3326352201258,39.8863836477987,41.5104088050314,43.1948144654088,44.9283050314465,46.7156132075472,48.5607295597484,50.4627987421384,52.4023522012579,54.1381603773585,55.6572452830189,57.166393081761,58.6628018867925,60.143213836478,61.6194968553459,63.108358490566,64.6125849056604,66.1338301886792,67.6554685534591,69.1759119496855,70.7171855345912,72.2704402515723,73.7958427672956,75.2823113207547,77.1301729559748,79.3910125786164,81.7276886792453
Cameroon,CMR,Population density (people per sq. km of land area),EN.POP.DNST,,11.0834824733981,11.2936472678809,11.5432781197775,11.8005902138732,12.0680459478327,12.3485752364029,12.644788559582,12.9590298491676,13.2924245308963,13.6442914260329,14.013682807641,14.3996784497895,14.8011677349749,15.2177508408961,15.6483256118974,16.0731992130482,16.4932009054177,16.9489137103086,17.4306466967062,18.0072750735123,18.6507097374712,19.0998244166614,19.4948213492416,20.0441666137801,20.6505680015231,21.282270313723,21.9389244991644,22.6036428254109,23.2758879651372,23.9720357089971,24.6814749000444,25.3989824628208,26.1325781134311,26.8767383808255,27.6247932135982,28.3784074802733,29.1409405343657,29.9229125679592,30.7273804235155,31.5471028749127,32.3866429734933,33.2667555160669,34.1865837405598,35.1388525734594,36.1206532546381,37.1272175329483,38.1838674874659,39.2927080027924,40.4348839669142,41.607044488164,42.8006684859639,44.0217659876034,45.2759112352182,46.6668634046244,48.1551352837892,49.6163842525015
"Congo, Dem. Rep.",COD,Population density (people per sq. km of land area),EN.POP.DNST,,6.90870249884211,7.09103195783066,7.28153282900686,7.47902648816744,7.68743609536623,7.90980745903266,8.14396771134293,8.38631216779515,8.63255993471692,8.88266072649478,9.12885423788624,9.37392646831786,9.62822390331047,9.88900906464348,10.1546507575925,10.4206043095653,10.6874841754703,11.0243219161465,11.4187080126155,11.7823157848305,12.1305286605942,12.5000286716217,12.9026545510686,13.3411618623321,13.7909688802629,14.2322383714519,14.6882089058468,15.1662962881277,15.6533230409563,16.1814088793807,16.7291488939371,17.3039456562493,17.9335859376723,18.802794821464,19.5997900355087,19.9802051123707,20.3038759621535,20.8630599236894,21.5756030965351,22.2789272402461,22.995807767804,23.709456783044,24.4122833638429,25.1418102820846,25.9260819126177,26.7377905207208,27.5590533953817,28.4028424604662,29.2944769634547,30.2432844445425,31.2517637458371,32.3127491674202,33.430844048433,34.5838168545025,35.7449244613043,37.0333318629938
"Congo, Rep.",COG,Population density (people per sq. km of land area),EN.POP.DNST,,3.17537042459736,3.25966325036603,3.34776866764275,3.44016398243045,3.53698389458272,3.63845973645681,3.74433674963397,3.85510688140556,3.97125036603221,4.09264421669107,4.21973352855051,4.35276134699854,4.4910102489019,4.6333850658858,4.76436896046852,4.88206442166911,5.00019912152269,5.11885505124451,5.23725915080527,5.35573938506589,5.47513616398243,5.59423133235725,5.71104245973646,5.85513323572474,6.03019326500732,6.20966910688141,6.39377159590044,6.58170717423133,6.77469399707174,6.97089311859444,7.17197364568082,7.37764275256223,7.59919180087848,7.82765446559297,8.05113030746706,8.27755490483163,8.45640409956076,8.6443953147877,8.88103660322108,9.22795021961933,9.58283162518302,9.81192093704246,10.0900527086384,10.4408609077599,10.8239912152269,11.2369224011713,11.6557247437775,12.0454377745242,12.5365124450952,13.0667349926794,13.4984597364568,13.8812591508053,14.2228374816984,14.5706588579795,14.9270307467057,15.2929311859444
Colombia,COL,Population density (people per sq. km of land area),EN.POP.DNST,,14.5067174402884,14.9608192879676,15.424806669671,15.8967201442091,16.3758900405588,16.8568616493916,17.3371951329428,17.8159495268139,18.2892672374944,18.75780261379,19.2150482199189,19.6661225777377,20.1220135196034,20.5799630464173,21.0406885984678,21.5041099594412,21.9860243352862,22.4879107706174,22.9974096439838,23.5281640378549,24.0768517350158,24.6402262280306,25.2259333032898,25.815853988283,26.3798738170347,26.9302496620099,27.4893799008562,28.0581559260928,28.6401793600721,29.2384578639027,29.8317908968004,30.428635421361,31.0423370887787,31.6605768364128,32.2709887336638,32.8641234790446,33.4575475439387,34.0623388913925,34.6596331680937,35.2320270392068,35.790231635872,36.3449121225777,36.8971870211807,37.4431464623704,37.9711374493015,38.477768364128,38.9683406940063,39.4401153672826,39.9022451554754,40.3581063542136,40.7928021631365,41.2039747634069,41.5967408742677,41.969742226228,42.3343307796305,42.7557566471383
Comoros,COM,Population density (people per sq. km of land area),EN.POP.DNST,,108.114454594304,109.995701235895,111.867275658248,113.725953788286,115.511552928533,117.497581945191,120.289629231596,123.720580333154,127.35142396561,131.211714132187,135.338527673294,139.751209027405,144.449220849006,149.422353573348,154.590005373455,159.880709296077,165.276195593767,170.708221386351,176.137023105857,181.472864051585,186.664159054272,191.907039226222,197.33100483611,202.921547555078,208.679204728641,214.571735626008,220.547555077915,226.591617409995,232.725953788286,238.901665771091,244.790972595379,249.926383664696,254.530897367007,259.076840408383,263.614185921548,268.192907039226,272.851692638366,277.591080064481,282.582482536271,288.060182697474,294.046211714132,300.334766254702,306.178398710371,312.038688876948,318.472326706072,324.961311123052,331.502955400322,338.155292853305,344.94734013971,351.873186458893,358.976894142934,366.270822138635,374.095647501343,382.322944653412,390.479312197743,398.571198280494
Cabo Verde,CPV,Population density (people per sq. km of land area),EN.POP.DNST,,53.3714640198511,55.0667493796526,56.9163771712159,58.8104218362283,60.7583126550868,62.7732009925558,64.8645161290323,67.0382133995037,69.2923076923077,71.4354838709677,72.9642679900744,73.7930521091811,74.412158808933,75.0794044665012,75.8925558312655,76.787841191067,77.6263027295285,78.4483870967742,79.2754342431762,80.2235732009926,81.351364764268,82.5617866004963,83.785111662531,84.9888337468983,86.1947890818859,87.4223325062035,88.6605459057072,89.9079404466501,91.266253101737,93.1583126550868,95.4307692307692,97.62158808933,99.7431761786601,101.793548387097,103.747890818859,105.603225806452,107.394044665012,109.127543424318,110.798759305211,112.485607940447,114.216625310174,115.892307692308,117.46476426799,118.950372208437,120.375930521092,121.768734491315,123.124069478908,124.40570719603,125.593300248139,126.497270471464,126.909925558313,127.035980148883,127.102977667494,127.128039702233,127.144913151365,127.184615384615
Costa Rica,CRI,Population density (people per sq. km of land area),EN.POP.DNST,,26.9862906384646,27.9953975714845,29.0169212690952,30.042303172738,31.0655699177438,32.0821778300039,33.0889737563651,34.0722875048962,35.0426165295731,36.0154524089307,36.9866627497062,37.9602036819428,38.9413043478261,39.9460047003525,40.9854876615746,42.0637289463376,43.1849784567176,44.3499804151978,45.5638464551508,46.8200744222483,48.112749706228,49.4478260869565,50.8255581668625,52.2443204073639,53.6994516255386,55.1746180963572,56.652937720329,58.1297101449275,59.612749706228,61.1379945162554,62.7139835487662,64.3215432824128,65.9505287896592,67.5895417156287,69.2357226792009,70.8776537406972,72.4972777124951,74.086133960047,75.6384841363102,77.119839404622,78.5144339992166,79.8218762240501,81.0572659616138,82.257696827262,83.4555424990208,84.63258911085,85.7862906384645,86.9576184880533,88.1275166470819,89.2276145710928,90.2826674500588,91.3422248335292,92.3648061104583,93.3630826478653,94.360321190756,95.3191931061496
Caribbean small states,CSS,Population density (people per sq. km of land area),EN.POP.DNST,,6.56061453490448,6.70097122897319,6.84675357292973,6.98860846911825,7.12636777760236,7.26373308653402,7.40006195078313,7.53564547829927,7.66900052427036,7.79042014430874,7.90147280797031,7.99446925010417,8.06826762487358,8.13798045014374,8.20268075963829,8.26960454657284,8.33561266899373,8.39999517331911,8.46235067236493,8.52911295154682,8.59502306502679,8.65911147285379,8.72366408942156,8.78839486177633,8.85903488593927,8.93255551353142,8.99816702787543,9.05987166108767,9.11959148827857,9.17113120468617,9.22838194322346,9.30054256466697,9.37238953155592,9.44427915546428,9.5248532466797,9.60832801521581,9.68985059780425,9.76994793409671,9.84932762876831,9.92711395830266,10.004543976263,10.0841093544309,10.1648917122706,10.2391124168285,10.1610726544141,10.219941850453,10.2849963143081,10.3505149869039,10.4055500696677,10.4718842441054,10.5415707584225,10.610168264126,10.6835308098227,10.7559574103285,10.8253252516181,10.8934309469801
Cuba,CUB,Population density (people per sq. km of land area),EN.POP.DNST,,68.7813500931099,70.2150651769088,71.7100558659218,73.2404096834264,74.7746461824953,76.2891061452514,77.7711824953445,79.2320484171322,80.6949720670391,82.1637057728119,83.6041433891993,84.9524301675978,86.1762383612663,87.282895716946,88.2656052141527,89.1177094972067,89.8364990689013,90.4281191806331,90.9064711359404,91.2923277467412,91.7068901303538,92.296843575419,93.026312849162,93.7923556797021,94.5738175046555,95.3840502793296,96.2322346368715,97.1376629422719,98.0748882681564,98.9925418994413,99.7918063314711,100.426452513966,100.940698324022,101.359599627561,101.725903165736,102.067132216015,102.401620111732,102.744059590317,103.093389199255,103.436769087523,103.762867783985,105.060795187518,105.351343984962,105.617479560192,105.811292747088,105.971530583482,106.043517474634,106.085700864337,106.113481773769,106.138754227734,105.757568101214,105.984819360707,108.40689886778,108.496202653336,108.309942363112,108.2815455594
Curacao,CUW,Population density (people per sq. km of land area),EN.POP.DNST,,,,,,,,,,,,,,,,,,,,,,,,,,,,,,,,,,,,,,,,,,,,,,,,,,,,339.709459459459,342.540540540541,346.445945945946,351.146396396396,355.810810810811,359.603603603604
Cayman Islands,CYM,Population density (people per sq. km of land area),EN.POP.DNST,,35.8375,36.5875,37.375,38.1916666666667,39.0041666666667,39.8333333333333,40.7041666666667,41.5458333333333,42.3541666666667,43.8208333333333,46.2416666666667,49.0166666666667,51.825,54.6416666666667,57.45,60.225,62.9375,65.5291666666667,68.1291666666667,71.1625,74.6041666666667,78.125,81.6583333333333,85.225,88.85,92.4875,96.1375,99.7958333333333,103.641666666667,108.329166666667,113.725,119.254166666667,124.9,130.633333333333,136.429166666667,142.2625,148.095833333333,153.841666666667,159.516666666667,165.308333333333,171.204166666667,177.141666666667,183.058333333333,188.966666666667,194.95,200.966666666667,207.029166666667,213.129166666667,219.241666666667,225.4125,231.691666666667,238.066666666667,244.395833333333,250.666666666667,256.841666666667,262.916666666667
Cyprus,CYP,Population density (people per sq. km of land area),EN.POP.DNST,,64.4495670995671,65.0937229437229,65.7199134199134,66.2901515151515,66.8545454545455,67.4664502164502,68.1007575757576,68.7399350649351,69.3927489177489,70.0699134199134,70.784632034632,71.5436147186147,72.0711038961039,71.7807359307359,71.3641774891775,71.6484848484849,72.1970779220779,72.7542207792208,73.3278138528138,73.925974025974,74.5555194805195,75.3784632034632,76.5395021645022,77.85,79.1425324675325,80.4226190476191,81.6866883116883,82.9258658008658,84.1363636363636,85.3193722943723,86.4658008658009,87.6992424242424,89.397619047619,91.4141774891775,93.3652597402597,95.2694805194805,97.1393939393939,98.9770562770563,100.7829004329,102.561363636364,104.342748917749,106.21645021645,108.180735930736,110.159632034632,112.137554112554,114.114502164502,116.094588744589,118.076406926407,120.061796536797,122.058008658009,124.079329004329,126.125216450216,128.127164502165,130.065043290043,131.980735930736,133.88658008658
Czechia,CZE,Population density (people per sq. km of land area),EN.POP.DNST,,,,,,,,,,,,,,,,,,,,,,,,,,,,,,,,,,133.68519477158,133.73349294681,133.651520641905,133.496065743497,133.352284198266,133.225999741167,133.089944350977,132.717264138734,132.219554807817,131.96474699107,131.926983305293,131.984222107171,132.166916903961,132.542459546926,133.318161812298,134.445921802175,135.214085965821,135.626181535673,135.90687556649,136.097177262722,136.159958559959,136.30337995338,136.589288952208,136.851858567543
Germany,DEU,Population density (people per sq. km of land area),EN.POP.DNST,,210.172806690917,212.029284220777,214.001526651963,215.731495431501,217.579970211669,219.403405608226,220.408833385845,221.391212442357,223.153787987283,223.897370606937,224.308544095323,225.384389768854,226.095339844757,226.183464612036,225.341717984705,224.377595737977,223.870231718844,223.675479047919,223.774382035345,224.239039899178,224.580835218973,224.367330220835,223.77991579068,223.007719187695,222.50987597743,222.611737748117,222.953971300089,223.826709248704,225.564354251998,227.517053819494,229.18080944061,230.930020336264,232.459793194317,233.274177193435,233.967490690347,234.652470709559,235.022979515829,235.078777720474,235.257731102069,235.596813297034,236.027300085985,236.451570830706,236.616427281328,236.592195429653,236.464680582636,236.225197866483,235.943361918146,235.522178240542,234.939637417171,234.606908225034,230.304633348634,230.750625466231,231.155712565925,232.108053883634,234.152986871524,235.712929356538
Djibouti,DJI,Population density (people per sq. km of land area),EN.POP.DNST,,3.85634167385677,4.02428817946506,4.22226056945643,4.45202761000863,4.70629853321829,4.97277825711821,5.24801553062985,5.5327868852459,5.87049180327869,6.26294219154444,6.69266609145815,7.17238999137187,7.69840379637619,8.30944779982744,9.05556514236411,9.95414150129422,10.9841673856773,12.0807161345988,13.1368852459016,14.0558671268335,14.7992666091458,15.3960310612597,15.9427523727351,16.5682916307161,17.3721742881795,18.3926229508197,19.6030629853322,20.9026315789474,22.577868852459,25.0016393442623,27.2257118205349,27.0064710957722,26.498921484038,27.0366695427092,27.3112165660052,27.9701466781708,28.982614322692,30.1704918032787,31.2432269197584,32.2397756686799,33.2749352890423,34.3215703192407,35.0957290767903,35.639516824849,36.2022001725626,36.9182053494392,37.7276962899051,38.5131147540984,39.3238567730802,40.1316220880069,40.9213977566868,41.7060828300259,42.4859361518551,43.2578515962036,44.0169542709232,44.7650129421915
Dominica,DMA,Population density (people per sq. km of land area),EN.POP.DNST,,80.2786666666667,81.264,82.3186666666667,83.4493333333333,84.6733333333333,86.0093333333333,87.4466666666667,88.976,90.5786666666667,91.8773333333333,92.7093333333333,93.4133333333333,94.1133333333333,94.788,95.4266666666667,96.0226666666667,96.5413333333333,96.9653333333333,97.2786666666667,97.444,97.3146666666667,96.9173333333333,96.4866666666667,96.0746666666667,95.6586666666667,95.208,94.6973333333333,94.144,93.5373333333333,92.836,92.3946666666667,92.4333333333333,92.5773333333333,92.636,92.6253333333333,92.5466666666667,92.3986666666667,92.1653333333333,91.8266666666667,91.348,91.0506666666667,91.156,91.3746666666667,91.532,91.6453333333333,91.7413333333333,91.796,91.8053333333333,91.8186666666667,91.812,92.0706666666667,92.1573333333333,92.9533333333333,93.8306666666667,93.88,92.808
Denmark,DNK,Population density (people per sq. km of land area),EN.POP.DNST,,115.292175,116.193175,117.112075,118.0518,118.9753,119.934525,120.88385,121.622075,122.2965,123.218925,124.07815,124.7899,125.546525,126.132425,126.49655,126.8149,127.210475,127.6062,127.920025,128.075675,128.0393,127.94525,127.857425,127.790475,127.842275,128.01335,128.1756,128.2379,128.31485,128.523475,128.85745,129.28425,129.7157,130.1545,130.834325,131.57685,132.124775,132.605475,133.044975,133.4904,133.969575,134.398275,134.76435,135.113075,135.4858,135.9318,136.53595,137.340525,138.077375,138.692075,139.2643,139.7893,140.3733,141.086875,142.087075,143.20025
Dominican Republic,DOM,Population density (people per sq. km of land area),EN.POP.DNST,,69.8247360794867,72.0334506313393,74.2762782032706,76.5588697992134,78.8441937487063,81.180852825502,83.6043883253985,86.05234941006,88.5331194369696,91.0637549161664,93.6500517491203,96.2923411302008,98.9904160629269,101.722148623473,104.466487269716,107.232539846823,110.027799627406,112.852038915338,115.704616021528,118.589049886152,121.474912026496,124.345145932519,127.245870420203,130.180914924446,133.1070999793,136.021693231215,138.946698406127,141.911281308218,144.945042434279,148.026619747464,151.104388325398,154.160091078452,157.204967915545,160.250341544194,163.28120471952,166.278079072656,169.200538190851,172.021569033326,174.833533429932,177.689712274891,180.506789484579,183.238149451459,185.895673773546,188.468060442972,190.954957565721,193.359200993583,195.728793210515,198.160422272821,200.688573794245,203.274166839164,205.870854895467,208.453963982612,211.008755951149,213.527799627406,215.997288346098,218.410888014904
Algeria,DZA,Population density (people per sq. km of land area),EN.POP.DNST,,4.88251572379857,4.95468481026476,5.03082536296993,5.11382980510047,5.19199240891113,5.286080344622,5.40618119526061,5.53066833491481,5.65803152317213,5.78724755850765,5.91959491800112,6.05736646317398,6.20183017457825,6.35396894707231,6.58283271893658,6.88957232947341,7.14435412765457,7.35049753541528,7.57288998799197,7.81242872857659,8.07002611536104,8.34362608848993,8.63155298227346,8.93127251505202,9.24053171210963,9.54995045638903,9.84306599376926,10.1226565452148,10.3934455482127,10.6543157523491,10.9113202952463,11.1803001167214,11.4525716492984,11.7087839142812,11.9535259936013,12.1898460789171,12.4191981492522,12.6185616398096,12.7949960952917,12.9753428165963,13.1547612249868,13.3309408247752,13.5093746588628,13.6993483755574,13.9012860345798,14.1172025493967,14.3548061501255,14.6182878903659,14.901057630136,15.1940329339055,15.4942924080714,15.8061610419273,16.1286164736705,16.4606678310815,16.8026368106356,17.1516218598076
East Asia & Pacific (excluding high income),EAP,Population density (people per sq. km of land area),EN.POP.DNST,,56.2440862310045,56.9938805095436,58.4596129414923,59.9024102285056,61.3835701535728,63.073312277708,64.7187781667224,66.4287543793872,68.2478816712819,70.1152491384709,72.0153676132851,73.8069881184924,75.5367516938697,77.168174040904,78.6432997282581,80.009200025849,81.2892200990968,82.5749959100718,83.885249998596,85.1783410680907,86.5127911239082,87.9954870996673,89.4959049368711,90.9341163529612,92.4081127764634,93.9646790146818,95.6133383126439,97.2879824011934,98.9248616050217,100.535057936284,102.084431681698,103.552385359422,104.979972597312,106.401816724747,107.806004031883,109.189598881152,110.563705097459,111.884689108183,113.102191116692,113.8692161427,114.948848125012,115.979292636256,116.915793940812,117.873684186311,118.803384208304,119.728065264991,120.679234154656,121.624879230522,122.545457709395,123.455331524104,124.425348644058,125.517256762924,126.602516818691,127.633880213556,128.613801730869,129.581742367703
Early-demographic dividend,EAR,Population density (people per sq. km of land area),EN.POP.DNST,,31.9523570799024,32.7865022087954,33.6403446795254,34.5185183667248,35.3940942494252,36.2686255658929,37.1795426007768,38.1154291749494,39.0667559235298,40.0445705461567,41.0145736928816,42.0066503197381,43.0564238182156,44.1347122632381,45.2408866353582,46.3697348669065,47.5179495301347,48.6779732329471,49.8871299171422,51.1652304849665,52.5197756441506,53.9154647136708,55.3158317863087,56.7352863921143,58.173541748207,59.6317853857592,61.110675430182,62.6059258867397,64.1080740774071,65.7013847702685,67.2381124044307,66.52705681588,65.9018659287672,67.2451056269066,68.6020351963045,70.0379870269331,71.4789514064926,72.9620679002566,74.368824660604,75.6044104013335,77.017662871189,78.3909683143576,79.7530261092754,80.8325051329444,82.2031159963338,83.5796772703463,84.9538936563716,86.317587643204,87.6854105545023,89.0525525332427,90.4444620157787,91.8072245321802,93.1523170525683,94.4506290925745,95.7429697331358,97.0256299345761
East Asia & Pacific,EAS,Population density (people per sq. km of land area),EN.POP.DNST,,42.8243776937372,43.417369077459,44.4781442954526,45.5256765625437,46.6003534419671,47.8035888095833,48.9681034344302,50.1881449383073,51.4904204054717,52.8247946685683,54.22398961368,55.510148521247,56.7553688018887,57.9397384277324,59.0114468746283,59.9998701615167,60.9285685799299,61.8580619328392,62.8085796542016,63.7431914550688,64.7075611316612,65.7686224786642,66.8344931254944,67.8552667747775,68.8887688315114,69.9699281759582,71.1121052843485,72.2694644083584,73.4033880699609,74.5159145222201,75.5947893380622,76.6148301518936,77.6061499544607,78.5952845794271,79.570537572471,80.5401201655651,81.4926451914519,82.4098541122911,83.2488948541733,83.8610283923368,84.6180209072522,85.3339979051621,85.9898625903736,86.6447901055722,87.2821829617991,87.9299461993076,88.5992481515687,89.2704344580735,89.9112402589462,90.541816346644,91.2047609541949,91.9505053157009,92.6875501269335,93.3939861708619,94.0667650140412,94.6937276463779
Europe & Central Asia (excluding high income),ECA,Population density (people per sq. km of land area),EN.POP.DNST,,165.135472943302,168.626549816193,172.123795842064,175.619447197722,179.000253440899,182.391539841662,185.799760360338,189.174282022007,192.543249313075,195.624785767161,198.773686059496,202.061460672748,205.263527094338,208.426049207684,211.528371579489,214.696887193707,217.967928434312,221.215817472366,224.300848148752,227.481314379634,230.538768929651,233.708404953389,237.105233178174,240.587393197245,244.062576063636,247.600442894245,251.175014742231,254.683430987541,258.124794549766,261.235920856179,263.690342898009,36.57763480556,36.8125941141167,36.9738624533039,37.1094210142709,37.2625505864396,37.3781833343914,37.4538629687691,37.5383789379248,37.626910005721,37.790633725525,37.9569308172028,38.1291367114004,38.3037300850588,38.4664500289497,37.9881837868454,38.0901945237322,38.3457160529815,38.6382318064592,38.9526977500834,39.271769960237,39.5912341231034,39.9347430774236,40.2969932431231,40.616709392448,40.9788296619889
Europe & Central Asia,ECS,Population density (people per sq. km of land area),EN.POP.DNST,,123.39784649055,124.821717024583,126.255069545035,127.692454219059,129.085495660153,130.32056984228,131.545161402671,132.730504775119,133.901431426366,134.93915055561,135.982214249651,137.132219933096,138.236762549966,139.291705229383,140.305680121222,141.319563597521,142.324436178071,143.317898514056,144.288182112898,145.295145538701,146.241874568614,147.101656333726,147.961307489614,148.857923507653,149.774449153563,150.717181652892,151.678095332509,152.647813872619,153.640134292748,154.445667854729,155.151316002365,31.4564250998172,31.4220434549047,31.5073484004269,31.5762200546664,31.6342506413086,31.6001020388439,31.633270157301,31.6616455958012,31.6581958616994,31.7037579622176,31.7647242502928,31.8484311323109,31.9410264034314,32.0323665345552,32.0144228245903,32.1053619689612,32.2371623206761,32.3643178042915,32.4813118378398,32.5551223781581,32.6827301153425,32.8048340987227,32.9385160145052,33.0779490017044,33.2251913568757
Ecuador,ECU,Population density (people per sq. km of land area),EN.POP.DNST,,17.0579793382459,17.5526260655975,18.0671723739344,18.6025068631701,19.1589474064442,19.7361219476954,20.3332502528536,20.9495737610172,21.5837162259789,22.2344567259067,22.9015026730241,23.5841424649617,24.2812924432885,24.9912332032943,25.7125090304869,26.4445600346771,27.1883362230891,27.9445419737032,28.7128630255743,29.4967381881231,30.2951524346193,31.1056855945673,31.9333080479699,32.7798800751337,33.6337017771998,34.4820040456581,35.3247001878341,36.1609882964889,36.995564224823,37.832946828493,38.6590810576506,39.4817511920243,40.291410200838,41.0785905216009,41.867194047103,42.6634518133218,43.4587740210952,49.3283298437752,50.2125744886455,51.0919874375906,51.9839748751812,52.9009180222258,53.8424303430504,54.7942543082622,55.7503744564342,56.7165847962635,57.6935617651796,58.6857867611532,59.6954179416975,60.7050048316959,61.7097237880496,62.700088581092,63.6460299565147,64.5640360766629,65.4945442100177,66.4565107102593
"Egypt, Arab Rep.",EGY,Population density (people per sq. km of land area),EN.POP.DNST,,27.727056105279,28.4665357376061,29.2248420312422,29.9954010748908,30.7691737405194,31.5500939273695,32.3435230297855,33.1491476216786,33.9661610326988,34.7822492340148,35.5953267366518,36.4240574614496,37.2716289115475,38.143218644834,39.05301823296,39.9774544176001,40.9351248179215,41.9523140288312,43.0143432618414,44.1513014214677,45.353582801748,46.6197307750264,48.0048239489678,49.472433572756,50.9668672459692,52.4449193831935,53.9197699532875,55.4399326937566,56.9698548395198,58.6635370937767,60.3033773670199,61.7616756240896,63.2032558139535,64.579425385504,65.9527068160129,67.334419609222,68.7445276005827,70.262990607263,71.8478617710583,73.4173328645336,74.9932482796725,76.587610628359,78.2094007735195,79.8407182681199,81.4717002360741,83.0784097644281,84.6614345270983,86.2572595308654,87.9015882264303,89.6037691496308,91.5094268923602,93.5868210357125,95.7693033301522,97.9744376914963,100.052581244663,102.109185795369
Euro area,EMU,Population density (people per sq. km of land area),EN.POP.DNST,,111.616382069163,112.57647433448,113.553804053624,114.54169691759,115.523705180869,116.449040727296,117.265607884346,118.048566265444,118.859679499427,119.540476531652,120.228510699274,121.044947299707,121.813550423513,122.495368767141,123.095757054658,123.626323289983,124.130577051686,124.633914660021,125.142306375593,125.698494432745,126.201647292994,126.520136146497,126.786224755869,126.994298123393,127.221636318761,127.521277637561,127.865033559184,128.286836678636,128.787270201196,129.302500816089,129.794137294087,118.781958366466,117.187521157216,117.524006325161,117.790756000666,118.043975349007,118.290765519364,118.514297170102,118.786896550002,117.702366334233,118.04532958655,118.60815605607,119.220654902355,119.857592212997,120.467664501856,121.039558205345,121.647306425273,122.250053655147,122.647441611999,122.878907931343,122.645221913038,122.875474648741,122.953343169661,123.13105873458,123.460553864326,123.747500061746
Eritrea,ERI,Population density (people per sq. km of land area),EN.POP.DNST,,,,,,,,,,,,,,,,,,,,,,,,,,,,,,,,,,18.376297029703,18.9496534653465,20.0521485148515,21.073900990099,21.3082673267327,21.5883069306931,21.9087128712871,22.2478316831683,22.8918712871287,23.6928514851485,24.6921089108911,21.4765054072847,21.9889099906246,22.3422474247986,22.6651485964038,23.2643755206101,23.8530992984597,24.3272910774296,24.7626561652109,25.0820517513238,25.3975905581196,25.572294764578,25.6468528978016,25.8074296058691
Spain,ESP,Population density (people per sq. km of land area),EN.POP.DNST,,61.5055624474769,62.074044579615,62.6208551762776,63.2462183360679,63.9367161551083,64.5948097162752,65.3946676537677,66.2554203849694,66.9115490815959,67.6588318860299,68.4791108087558,69.2394033374685,70.0086978270439,70.7820610305153,71.5687608830535,72.3378345377024,73.0905192777355,73.7991672171841,74.4511550626576,75.0618956093459,75.5989088215272,76.0541624954951,76.4301804056625,76.7466842864008,77.0252923274067,77.2557744674035,77.4563811468845,77.6208133109082,77.7425997116771,77.8218044209515,78.0201345506968,78.403181563351,78.8107920871376,79.1869053339741,79.5371816434406,79.8691574563511,80.2046071600192,80.5372196860484,80.8643180362005,81.2983246492986,81.9433763941266,83.0225192369349,84.5088139260031,85.9848050803317,87.4654972049129,88.9761493446631,90.6149005229308,92.1293223736969,92.9750651746681,93.1519309613808,93.5078358806114,93.5068371284061,93.169262909578,92.8824553687451,92.907597351004,92.9973717081295
Estonia,EST,Population density (people per sq. km of land area),EN.POP.DNST,,,,,,,,,,,,,,,,,,,,,,,,,,,,,,,,,36.1663364000944,35.2471809389007,34.5013918376976,33.8908704883227,33.3945270110875,33.0156876621845,32.7000707714083,32.7965086105214,32.9555319650861,32.7462845010616,32.5395140363293,32.3359282849729,32.1431941495636,31.9597782495872,31.7718801604152,31.6272705826846,31.5425807973579,31.4818353385232,31.4101203113942,31.3149091766926,31.2030195800896,30.3196917414309,30.2402806533241,30.26011042098,30.2689210950081
Ethiopia,ETH,Population density (people per sq. km of land area),EN.POP.DNST,,,,,,,,,,,,,,,,,,,,,,,,,,,,,,,,,,53.708891,55.611508,57.537335,59.467635,61.404539,63.363524,65.374561,67.411494,69.487762,71.635517,73.832663,67.4086372526321,69.4377847665754,71.5067748631684,73.6318622061839,75.7983969601131,77.9802631357432,80.224030211657,82.537679592612,84.8841807786957,87.224157853982,89.598740246565,92.0367822337439,94.5614799764478
European Union,EUU,Population density (people per sq. km of land area),EN.POP.DNST,,100.571236660143,101.415663571944,102.288924771542,103.185178108912,104.042659505954,104.859773710491,105.653181615529,106.399837413685,107.13783032595,107.745986588794,108.345017791099,109.082246888032,109.791266371479,110.457132458638,111.094675659253,111.680713352709,112.22664316831,112.747310471581,113.250304931467,113.775440443692,114.26090273163,114.613585690483,114.917135404215,115.175115538811,115.444132218549,115.757592447851,116.094963740191,116.473754940886,116.909982920528,117.30683608206,117.642502048221,110.485191456533,107.330231935575,107.597151785324,107.801754263981,107.975104664911,108.140075085617,108.285962030568,108.465316734591,107.66980077833,107.827113593412,108.113909084466,108.507567114329,108.928030758102,109.336079475171,109.724230221686,110.11009237548,110.495647070407,110.750358726035,110.890000541697,110.723497638419,110.883823784719,110.934402827864,111.037730406625,111.273827737509,111.484365533783
Finland,FIN,Population density (people per sq. km of land area),EN.POP.DNST,,14.6459338783282,14.7458649331889,14.8504842575265,14.9333300502315,14.9831970846055,15.0394596014314,15.1211267605634,15.1891690469155,15.180357201484,15.1229751469188,15.1420729505237,15.2324665944384,15.3192192783742,15.39963229259,15.4681374963065,15.5148363373715,15.5582980399882,15.6030335861322,15.6429626711317,15.6917003184609,15.7587708066581,15.8473127811156,15.9420434026068,16.0274565809777,16.0944417085262,16.1468006172232,16.1926622673102,16.2398010440264,16.2985357365639,16.3709609639187,16.4606191930136,16.5533733871762,16.6336616435208,16.7055156111494,16.7693949243245,16.8244952230868,16.8746019238977,16.9194589448111,16.9587773728619,16.9940214714863,17.0327587905053,17.0740930431071,17.1148560359828,17.1646212941988,17.2234676122,17.3169839860577,17.3919563287185,17.4840375123396,17.5678545574202,17.6484106614018,17.7309947678436,17.8155615518773,17.8978314521702,17.9720030274112,18.0301108880919,18.0820078312658
Fiji,FJI,Population density (people per sq. km of land area),EN.POP.DNST,,22.8465243568692,23.5651888341544,24.3172413793103,25.0861521620142,25.8661740558292,26.627640941434,27.3055829228243,27.9147235905857,28.5055829228243,29.0743295019157,29.6180076628353,30.1313081554461,30.6087575259989,31.0612479474548,31.5219485495348,32.0489326765189,32.7205801860974,33.5025177887247,34.3110016420361,35.1382047071702,35.9863711001642,36.8590038314176,37.7577996715928,38.6817733990148,39.6147235905857,40.4655719759168,41.0804597701149,41.5269293924466,41.9442255062945,42.3270935960591,42.6741105637657,42.9855500821018,43.2604816639299,43.5014230979748,43.7189928845101,43.9950191570881,44.452052545156,45.0059113300493,45.5297208538588,46.0267651888342,46.5022441160372,46.9649151614669,47.415763546798,47.8580186097428,48.2966064586754,48.7337164750958,49.1424192665572,49.4471264367816,49.6573070607553,49.8313628899836,49.972030651341,50.0776135741653,50.1561029009305,50.2235905856596,50.2779419813903,50.3101258894362
France,FRA,Population density (people per sq. km of land area),EN.POP.DNST,,88.8876185174877,89.784796363299,90.6903553205307,91.6624770386863,92.5461081732999,93.3512143983672,94.1140940718063,94.8380740328416,95.6229965673996,96.4972056777066,97.4108043417757,98.2695166527507,99.0670025048706,99.7245959736525,100.20011689396,100.626000556638,101.097443176547,101.556786343817,102.012897300306,102.559020317284,103.169780128027,103.54724742555,104.106744595974,104.616541423138,105.140771871231,105.679565822433,106.255064477224,106.871112348084,107.51101586418,108.10095927266,108.645035717599,109.187464514333,109.663408479451,110.074891919473,110.476470915669,110.872073476204,111.268329158549,111.681387883848,112.258996196308,113.032119862696,113.859127933946,114.6899378421,115.50209666945,116.351401799796,117.229527785509,118.048690973189,118.780758883013,119.445432785973,120.060183690509,120.653513312923,121.237276185175,121.825139623342,122.456502458484,123.039367288246,123.477636144355,123.803885332591
Faroe Islands,FRO,Population density (people per sq. km of land area),EN.POP.DNST,,24.7542979942693,25.0451289398281,25.3517191977077,25.6783667621776,26.0365329512894,26.3724928366762,26.6489971346705,26.9054441260745,27.1540114613181,27.413323782235,27.724212034384,28.0601719197708,28.3925501432665,28.7292263610315,29.0601719197708,29.3839541547278,29.7048710601719,30.0630372492837,30.4591690544413,30.8538681948424,31.2507163323782,31.64111747851,31.9985673352436,32.3359598853868,32.7428366762178,33.0458452722063,33.4541547277937,33.9226361031519,34.3545845272206,34.1984240687679,33.9878223495702,33.8732091690544,33.2908309455587,32.0164756446991,31.2399713467049,31.2184813753582,31.6131805157593,32.0014326647565,32.3395415472779,32.7750716332378,33.4061604584527,33.9075931232092,34.4068767908309,34.6590257879656,34.64111747851,34.6239255014327,34.6547277936963,34.775787965616,34.9498567335244,34.8538681948424,34.7722063037249,34.5916905444126,34.5594555873925,34.6898280802292,35.0272206303725,35.4319484240688
"Micronesia, Fed. Sts.",FSM,Population density (people per sq. km of land area),EN.POP.DNST,,,,,,,,,,,,,,,,,,,,,,,,,,,,,,,,146.791428571429,149.722857142857,152.951428571429,155.821428571429,157.471428571429,158.157142857143,158.672857142857,159.11,159.542857142857,160.062857142857,160.521428571429,160.64,160.407142857143,159.892857142857,159.16,158.184285714286,156.971428571429,155.622857142857,154.224285714286,153.628571428571,153.854285714286,154.128571428571,154.458571428571,154.851428571429,155.308571428571,155.821428571429
Gabon,GAB,Population density (people per sq. km of land area),EN.POP.DNST,,2.01135560988862,2.03612760507626,2.06252959211394,2.0904917142081,2.12018473240967,2.1518337408313,2.1853844064113,2.22089106221136,2.26365506267707,2.312438390189,2.36095781425855,2.40990414095549,2.46049210230139,2.51364536034463,2.56994217409865,2.62982885085575,2.6933053906159,2.7602941747196,2.8306554895797,2.90444754919083,2.98205068498467,3.06316606512206,3.14745604843404,3.23476151666861,3.32489618504288,3.41795707688128,3.51410331043583,3.61322621958319,3.71458842705786,3.81780572049521,3.92291690922498,4.02988318391741,4.13864633057787,4.24853494780145,4.35911437109481,4.47089300267784,4.58508557457213,4.70266620095471,4.82406178445298,4.950409438429,5.08242713548337,5.22037877905849,5.36480769977103,5.5171692474871,5.67972600613187,5.85375480265456,6.03965149221873,6.23733845616486,6.44838747234835,6.67473512632437,6.91576434974968,7.16765242364264,7.42445375868359,7.67803391935421,7.92094151434005,8.15114681569449
United Kingdom,GBR,Population density (people per sq. km of land area),EN.POP.DNST,,218.244946885463,220.104989046418,221.758359856157,223.205059314678,224.643698590501,225.885586739966,227.105361054851,228.213532840078,229.164427727028,230.079981812921,231.042958707064,231.82765676022,232.275976522134,232.422494109866,232.405241185467,232.348067622866,232.271698425164,232.284148307362,232.492667300459,232.770702269251,232.85177117348,232.768325548712,232.847716281569,233.216517174389,233.746405985202,234.288414004051,234.787128508246,235.3090852726,235.92241970818,236.628719050965,237.361621130079,238.0043896995,238.575678915389,239.183834166908,239.817426528335,240.428843053776,241.048873641136,241.752329186128,242.559690819659,243.427908899268,244.366854048692,245.40354234696,246.548906708552,247.955627660894,249.663977183483,251.50589013351,253.471925763651,255.474703426611,257.414417393461,259.440189310958,261.475674781962,263.344769148101,265.109742487496,267.097920886207,269.032364733601,271.177613359236
Georgia,GEO,Population density (people per sq. km of land area),EN.POP.DNST,,,,,,,,,,,,,,,,,,,,,,,,,,,,,,,,,85.2636551313902,85.921480807586,84.6089086392106,81.4885405367578,78.5839077644424,76.1033101228174,74.2434479862836,72.7315861296756,71.3308898141992,70.232915777319,69.6055670247384,69.13705867945,68.7102417859267,68.2751145946324,67.8880821582281,67.5348682599111,67.3300150460128,66.7346478183281,66.2496063543161,65.7203016200707,65.238006928164,65.0419538822212,65.0725007872914,65.1750586094685,65.2140557752196
Ghana,GHA,Population density (people per sq. km of land area),EN.POP.DNST,,31.4787158301837,32.2465280829744,33.0259031379098,33.8214775424101,34.642726553573,35.4861606750461,36.3536652896194,37.2494023028918,38.1927705018898,39.2274457238288,40.3281357124022,41.4792432099851,42.6941065307199,43.9506152764349,45.2417509009405,46.5628592774897,47.9558363364683,49.4350443877999,50.9679836512262,52.4806539509537,53.9760569570185,55.5674562714248,57.2639360112508,58.7614924848378,60.0388019688846,61.3747780610003,62.7982244880021,64.3252527028215,65.9524171574229,67.6568867012393,69.3833875362574,71.1297134569746,72.9081436230992,74.6822097213677,76.4657510767338,78.272747648765,80.15715039114,82.130772611409,84.1604289355718,86.301692010196,88.6308736925376,91.1021710468489,93.5954337698866,96.1074887931792,98.6615012745012,101.260007031731,103.903836688055,106.574430869298,109.267223345346,111.958315021535,114.683519381208,117.492607893118,120.357708534763,123.238076821658,126.114388678914,129.017939702909
Gibraltar,GIB,Population density (people per sq. km of land area),EN.POP.DNST,,2187.2,2219.7,2275.3,2331.5,2387.8,2444.4,2501.5,2557.8,2612.0,2663.4,2702.0,2729.0,2753.7,2775.5,2795.1,2813.4,2830.0,2844.6,2857.5,2867.5,2874.0,2876.5,2873.3,2864.3,2851.2,2832.8,2809.6,2783.9,2754.4,2720.0,2689.8,2687.8,2707.0,2723.9,2737.7,2748.7,2758.2,2765.0,2769.2,2770.9,2765.7,2783.1,2827.4,2871.5,2916.3,2959.4,3000.6,3041.3,3082.3,3124.8,3166.0,3202.9,3240.7,3281.3,3319.3,3365.8
Guinea,GIN,Population density (people per sq. km of land area),EN.POP.DNST,,14.730388246785,14.993785609637,15.2651554615009,15.5450187204949,15.8339410711379,16.1328137717727,16.4421007650985,16.7611509034674,17.0857073091323,17.4081678333062,17.7242389711867,18.0339085137555,18.3392642031581,18.6411769493733,18.9397525638939,19.2374328503988,19.5390200227902,19.8512697379131,20.1826591242064,20.541343805958,20.9314992674589,21.3563079928374,21.8126892397851,22.3021976233111,22.8323823864561,23.4033371316946,24.0118753052255,24.6482744587335,25.2963169461175,26.1857968419339,27.2552742959466,28.1392072277389,29.0093480384177,29.8921821585545,30.7392519941397,31.6215000813935,32.2780807423083,32.8910548591893,33.6363462477617,34.3025883118997,34.75484291063,35.3006104509197,36.1011761354387,36.8823294807097,37.6275598241901,38.422476802865,39.3223221552987,40.2851619729774,41.2808643985024,42.3086684030604,43.3697297737262,44.4472611102067,45.5472611102067,46.6910467198437,47.8881246947745,49.1332817841446
"Gambia, The",GMB,Population density (people per sq. km of land area),EN.POP.DNST,,40.4081027667984,41.5180830039526,42.6637351778656,43.8425889328063,45.0545454545455,46.29604743083,47.5877470355731,48.9396245059289,50.3399209486166,51.7890316205534,53.299209486166,54.8784584980237,56.5208498023715,58.2099802371541,59.9625494071146,61.8248023715415,63.8112648221344,65.9192687747036,68.1601778656127,70.5447628458498,73.0360671936759,75.6672924901186,78.5103754940711,81.5840909090909,84.8689723320158,88.3417984189723,92.0050395256917,95.8656126482213,99.9364624505929,104.218972332016,108.691600790514,113.199802371542,117.427371541502,121.267391304348,124.932114624506,128.597826086957,132.30128458498,136.065909090909,139.899110671937,143.783003952569,147.728359683794,151.748122529644,155.890415019763,160.208695652174,164.726976284585,169.493577075099,174.483596837945,179.629644268775,184.923122529644,190.378458498024,196.026086956522,201.886758893281,207.887351778656,213.886166007905,219.815118577075,225.668873517787
Guinea-Bissau,GNB,Population density (people per sq. km of land area),EN.POP.DNST,,20.7159317211949,20.9628022759602,21.1386201991465,20.9296941678521,20.4482574679943,20.1603129445235,20.2350995732575,20.5608108108108,20.6831436699858,20.7824679943101,20.847119487909,20.8613086770982,21.0813655761024,21.8114509246088,23.149573257468,24.6867354196302,26.3794096728307,28.1541251778094,29.1560099573257,29.4915718349929,29.9584637268848,30.4370910384068,30.9243243243243,31.4195945945946,31.9237908961593,32.4369132290185,32.9609530583215,33.5014580369844,34.0607752489331,34.6254978662873,35.3712304409673,36.4280227596017,37.650960170697,38.8346728307255,39.8274893314367,40.6662517780939,41.4489687055476,42.2287695590327,43.0371977240398,43.9097083926031,44.8532361308677,45.8501778093883,46.8992176386913,47.9929943100996,49.1317567567568,50.3308321479374,51.599786628734,52.9179943100996,54.2808321479374,55.702240398293,57.1862019914651,58.7274893314367,60.3119843527738,61.9175675675676,63.5297652916074,65.1455547652916
Equatorial Guinea,GNQ,Population density (people per sq. km of land area),EN.POP.DNST,,9.80021390374332,9.99237076648841,10.1948306595365,10.4079144385027,10.6323707664884,10.8684135472371,11.1160427807487,11.3671657754011,11.4979322638146,11.4368270944742,11.2634581105169,11.0327272727273,10.7765062388592,10.5152584670232,10.2638502673797,10.0189304812834,9.8673440285205,9.85850267379679,9.97668449197861,10.2903386809269,10.8111229946524,11.487201426025,12.2431729055258,13.0088770053476,13.744991087344,14.4288057040998,15.0631729055258,15.6738324420677,16.2854901960784,16.9081639928699,17.5478431372549,18.2092691622103,18.8956506238859,19.6127629233512,20.3659180035651,21.1583600713012,21.9926203208556,22.8689483065954,23.7865953654189,25.0723351158645,26.7321212121212,28.4476648841355,30.2268092691622,32.0826024955437,33.7742245989305,35.3063458110517,36.935614973262,38.6641711229947,40.4874509803922,42.3916221033868,44.272192513369,46.1134759358289,47.9935115864528,49.9047415329768,51.8332620320856,53.7677718360071
Greece,GRC,Population density (people per sq. km of land area),EN.POP.DNST,,65.1516679596587,65.5409852598914,65.7845228859581,66.0234988363072,66.3330721489527,66.8242901474011,67.3707370054306,67.8104344453064,68.0586811481769,68.2141660201707,68.5107525213344,68.9575484871994,69.2714197051978,69.5269356089992,70.1826299456943,71.2812257564003,72.2147323506594,73.1571683475563,74.0749262994569,74.8060899922421,75.4798293250582,75.9465709852599,76.3896586501164,76.7711481768813,77.0698215671063,77.325159038014,77.5841349883631,77.8664313421257,78.2738401861908,79.1062218774244,80.0614972847168,80.6754150504267,81.1513964313421,81.5587432117921,81.9406749418154,82.3025601241272,82.709534522886,83.1691931730023,83.4887354538402,83.83093871218,84.2678975950349,84.5773622963538,84.7794414274632,84.9894569433669,85.2390535298681,85.4954383242824,85.7135221101629,85.9413576415826,86.1677036462374,86.278828549263,86.1512723041117,85.6866640806827,85.067579519007,84.5028161365399,83.947889837083,83.5994647013189
Grenada,GRD,Population density (people per sq. km of land area),EN.POP.DNST,,280.397058823529,283.455882352941,285.867647058824,287.529411764706,288.432352941176,288.591176470588,288.429411764706,288.464705882353,288.835294117647,289.452941176471,290.141176470588,290.520588235294,290.320588235294,289.664705882353,288.605882352941,287.152941176471,285.344117647059,283.25,280.852941176471,278.052941176471,276.623529411765,277.597058823529,279.258823529412,280.876470588235,282.679411764706,284.676470588235,286.841176470588,289.141176470588,291.532352941176,293.991176470588,296.45,298.829411764706,301.123529411765,303.347058823529,305.497058823529,307.6,309.685294117647,311.791176470588,313.902941176471,316.032352941176,317.608823529412,318.835294117647,320.247058823529,321.538235294118,322.747058823529,323.926470588235,325.064705882353,326.164705882353,327.217647058824,328.194117647059,329.644117647059,331.691176470588,333.785294117647,335.682352941176,337.282352941176,338.617647058824
Greenland,GRL,Population density (people per sq. km of land area),EN.POP.DNST,,0.0986245244366403,0.102429031314018,0.106526192566579,0.110038045068774,0.1147205150717,0.118525021949078,0.122622183201639,0.127011998829382,0.131401814457126,0.13579163008487,0.138132865086333,0.141352063213345,0.143400643839625,0.14486391571554,0.145156570090723,0.145449224465906,0.144571261340357,0.143985952589991,0.145156570090723,0.14691249634182,0.149253731343284,0.150717003219198,0.152472929470296,0.154228855721393,0.155692127597308,0.156570090722856,0.158326016973954,0.160374597600234,0.161837869476149,0.162715832601697,0.162423178226514,0.161837869476149,0.161545215100966,0.162423178226514,0.163301141352063,0.163593795727246,0.136435619442076,0.136679254476794,0.136679254476794,0.136886344256304,0.137358996223657,0.137885247898648,0.138265318552808,0.138623462053843,0.138713607016689,0.13832379096114,0.137787793884761,0.137234742355951,0.137222560604215,0.13773663052747,0.138603971251066,0.138409063223292,0.137612376659764,0.137154342794494,0.136713363381654,0.136888780606651
Guatemala,GTM,Population density (people per sq. km of land area),EN.POP.DNST,,39.064958939903,40.2393057110862,41.4358342665174,42.6568589025756,43.9059817095931,45.1750466592012,46.4619447555058,47.7613941769317,49.0582400149309,50.3636244867488,51.6830440462859,53.031289660321,54.4198488241881,55.8155748413587,57.1923385591639,58.4397536394177,59.7379152668906,61.2311870100784,62.7827267637178,64.3916759985069,66.0288167226577,67.5647723030982,69.2389137737962,71.2083053378126,73.2520810003733,75.315584173199,77.4214725643897,79.6201847704367,81.891993281075,84.2177398282941,86.530272489735,88.8602650242628,91.2631672265771,93.7263717805151,96.2392310563643,98.7637737961926,101.322825681224,103.948721537887,106.59728443449,109.160059723778,111.696733855916,114.286254199328,116.889156401642,119.516629339306,122.131662933931,124.742991787981,127.398656215006,130.040817469205,132.65781075028,135.312728630086,138.037756625607,140.814175065323,143.59217058604,146.339352370287,149.045754012691,151.817469204927
Guam,GUM,Population density (people per sq. km of land area),EN.POP.DNST,,132.057407407407,135.540740740741,139.064814814815,142.607407407407,146.17037037037,149.711111111111,153.183333333333,156.598148148148,160.007407407407,163.638888888889,167.52962962963,171.516666666667,175.52037037037,179.516666666667,183.438888888889,187.344444444444,191.292592592593,195.22962962963,199.325925925926,203.964814814815,209.077777777778,214.27962962963,219.459259259259,224.633333333333,229.846296296296,235.12037037037,240.477777777778,245.924074074074,251.47962962963,256.685185185185,261.246296296296,265.542592592593,269.72962962963,273.82962962963,277.877777777778,281.794444444444,285.583333333333,289.327777777778,293.127777777778,296.416666666667,298.757407407407,300.583333333333,302.105555555556,303.351851851852,304.37962962963,305.257407407407,306.05,306.838888888889,307.727777777778,308.374074074074,308.412962962963,308.02037037037,307.344444444444,306.455555555556,305.37962962963,304.135185185185
Guyana,GUY,Population density (people per sq. km of land area),EN.POP.DNST,,2.96155762289665,3.02710080829648,3.09357429718876,3.16081541355295,3.22875298663006,3.29747343805602,3.36694118245132,3.43734431396472,3.50883534136546,3.57228915662651,3.62290681714199,3.66843068476437,3.71174825885822,3.75200549031569,3.78660401320803,3.82145288290577,3.85397002794006,3.8841046482093,3.91192278384557,3.93379222758446,3.94438912877826,3.9457048514097,3.94153416306833,3.93249174498349,3.919110998222,3.90194564389129,3.88173736347473,3.85909575819152,3.83472186944374,3.80946913893828,3.79914147828296,3.809555499111,3.8250698501397,3.83958343916688,3.85261874523749,3.86347980695961,3.87221234442469,3.87902463804928,3.88358140716281,3.88535433070866,3.88355092710185,3.87935991871984,3.87656083312167,3.87309118618237,3.8654508509017,3.85555499110998,3.84486156972314,3.83340614681229,3.82064516129032,3.80622809245618,3.79046482092964,3.79115062230124,3.8101143002286,3.83149098298197,3.85461518923038,3.8788315976632
High income,HIC,Population density (people per sq. km of land area),EN.POP.DNST,,26.1753731639755,26.4994616948953,26.821395022294,27.144122564875,27.4567686448692,27.7345414051957,28.0016449035248,28.2662664929597,28.5357490622384,28.8045521733894,29.1200961347168,29.3987981218271,29.6686681023857,29.9331354124745,30.1903496414947,30.4368647090302,30.6817754554752,30.9274758792148,31.1815557965515,31.4301519641156,31.6758767268058,31.9044114452336,32.1208906996541,32.333710775379,32.5470311224174,32.7641946098955,32.9862738579377,33.2117786531917,33.4472829576729,33.6586414457502,33.8976817784295,23.1709504774935,23.271947815741,23.4195246164934,23.5594706558861,23.6968762130211,23.7991808604069,23.9282700440977,24.0494996706325,24.1575742470418,24.2811850954491,24.4058781148535,24.533525569898,24.66742254643,24.8013186146303,24.9527732277616,25.1199074291294,25.3025730470269,25.4576515994462,25.5705677162573,25.6839011579019,25.8352392053992,25.9831278025369,26.1252355290003,26.2894161660926,26.4431373577626
"Hong Kong SAR, China",HKG,Population density (people per sq. km of land area),EN.POP.DNST,,3105.98039215686,3240.39215686275,3353.82352941176,3435.88235294118,3527.35294117647,3558.72549019608,3649.80392156863,3728.13725490196,3788.13725490196,3881.37254901961,3965.98039215686,4042.74509803922,4158.43137254902,4291.96078431373,4417.42574257426,4473.26732673267,4583.7,4667.5,4929.7,5063.1,5183.4,5317.67676767677,5399.09090909091,5452.42424242424,5511.31313131313,5580.40404040404,5636.86868686869,5684.44444444444,5743.63636363636,5762.12121212121,5810.10101010101,5859.09090909091,5960.60606060606,6096.36363636364,5862.95238095238,6129.04761904762,6180.28571428571,6232.09523809524,6291.90476190476,6347.61904761905,6394.57142857143,6422.95238095238,6410.28571428571,6460.47619047619,6488.7619047619,6530.57142857143,6586.95238095238,6626.47619047619,6640.7619047619,6689.71428571429,6734.85714285714,6809.61904761905,6837.04761904762,6885.2380952381,6944.09523809524,6987.2380952381
Honduras,HND,Population density (people per sq. km of land area),EN.POP.DNST,,18.9582804540173,19.5018679059791,20.0632585575118,20.6439806953258,21.2454821699884,21.8674680489767,22.5100366431316,23.1750558584324,23.8653052104746,24.5841004558048,25.3339529895433,26.1155063008312,26.9144606309769,27.704316739655,28.5390472785772,29.4437125748503,30.3749664849406,31.3295468763965,32.3083474841362,33.3110465635892,34.335311466619,35.3805344534811,36.448065063902,37.5355259629994,38.6392170882116,39.7613638394852,40.905442845652,42.074153186165,43.2731968898025,44.512360353919,45.7931182411297,47.1126195370453,48.4694700151935,49.8636339261775,51.2971400482617,52.7656984538386,54.2627044418625,55.7192867995353,57.2031727589597,58.7878541424613,60.3985432120833,62.015005809277,63.6268924836893,65.2336580570203,66.8366699436947,68.431781213692,70.0223254982572,71.6112878720172,73.1959871302172,74.7687729019573,76.3301724908392,77.8896773616945,79.4465814639378,81.0002859951738,82.5570202877826,84.121726695862
Heavily indebted poor countries (HIPC),HPC,Population density (people per sq. km of land area),EN.POP.DNST,,10.2989753361999,10.5531264001864,10.8167890091271,11.0914351307879,11.3775361708478,11.6732531986685,11.9819395041461,12.3053555629403,12.6421563360136,12.9911009813876,13.3469627509645,13.7058881352419,14.0836310414097,14.4800895477767,14.882678877386,15.2934861110932,15.7032600563609,16.1502076867985,16.6159425138228,17.0186334136777,17.3948418275504,17.8369840953574,18.3341692168641,18.8445077844073,19.3646785663796,19.8924545060942,20.4444059423977,21.0192230479478,21.6137436578374,22.2025655142533,22.8013251994892,23.4825568832413,22.7040155109074,23.3994643322963,24.0850041873856,24.7865271205225,25.4880041889394,26.220002128077,26.9745769612592,27.7161027924479,28.4754948023533,29.3081797282426,30.1761045269054,30.7768665531613,31.6634299943813,32.5812983044046,33.4929445380914,34.4391953364841,35.4286247244116,36.4241716574307,37.4493259853761,34.8005566096451,35.7898493765713,36.8262117084501,37.8884098388247,38.9917786506692
Croatia,HRV,Population density (people per sq. km of land area),EN.POP.DNST,,,,,,,,,,,,,,,,,,,,,,,,,,,,,,,,,81.8425684135217,82.2833661241281,83.2055803970667,82.633339295296,81.4058056448732,81.0096463022508,81.0612591665176,80.7118046861027,79.9166905136643,76.9001645442839,76.9454499928459,76.8958437567007,76.9173039811307,77.0163855335573,77.0345043242084,77.0176720749053,77.0085233364306,76.927685655064,76.7533950396684,76.4888499749839,76.1269387463369,75.6543849617611,75.0767993710242,74.1856371953399,73.3840861982703
Haiti,HTI,Population density (people per sq. km of land area),EN.POP.DNST,,142.562772133527,145.195029027576,147.789114658926,150.444267053701,153.259071117562,156.118976777939,159.034796806967,162.02206095791,165.070174165457,168.183018867925,171.380406386067,174.668650217707,178.038570391872,181.487518142235,185.01763425254,188.619629898403,192.288679245283,196.029753265602,199.839985486212,203.718904208999,207.68232946299,211.753882438316,215.93236574746,220.218795355588,224.632148040639,229.177140783745,233.857873730044,238.684506531205,243.640420899855,248.709760522496,253.826197387518,258.946698113208,264.084941944848,269.222460087083,274.40297532656,279.664622641509,284.989042089986,290.353519593614,295.765457184325,301.275435413643,306.818505079826,312.323693759071,317.848766328012,323.304172714078,328.783490566038,334.418069666183,340.105079825835,345.81908563135,351.581313497823,355.70732946299,359.757039187228,365.376306240929,370.912989840348,376.387336719884,381.830261248186,387.208164005806
Hungary,HUN,Population density (people per sq. km of land area),EN.POP.DNST,,111.372256774767,111.762108420351,112.050949683439,112.405142730201,112.729782270607,113.083579602266,113.517822222222,113.96616290699,114.442971441271,114.89119804401,115.233266644437,115.57729243081,115.950372346338,116.469045237301,117.155996443259,117.828538076709,118.364061805247,118.759831054796,119.040836298932,119.131598264932,119.152925472747,119.095950606297,118.930384957721,118.692645749889,118.477002670227,118.27507788162,118.076780151313,117.90905752754,116.632012907533,115.433270279292,115.426727495271,115.381562256593,115.262886712664,115.105219229913,114.945081237481,114.747807700868,114.593385300668,114.32706013363,114.003674832962,113.936297701406,113.675251060031,113.352019638474,113.027806293238,112.777795135015,112.566287244727,112.391139381765,112.217163263029,112.020845887736,110.710814094775,110.460874848117,110.148315475533,109.580934496852,109.05483265216,107.747512601359,107.360891957046,106.944499232961
IBRD only,IBD,Population density (people per sq. km of land area),EN.POP.DNST,,38.3320250232547,39.0256157083191,39.9556674291844,40.8872734914451,41.8257560791402,42.8142446091571,43.8015862678642,44.8153081278115,45.8656206533631,46.945327534208,48.0449342551151,49.1206104177815,50.1933593619207,51.25341803926,52.2909782289201,53.315508285513,54.3252071016725,55.3401362617175,56.3692583532306,57.4155610001317,58.4956795340486,59.6318389741114,60.7768194038925,61.9219106515854,63.0846003159497,64.2771488040921,65.5020048356774,66.7323861747063,67.9521634250316,69.148182007762,70.3051449086181,50.5065705289127,51.2739629858611,52.0268771336454,52.7710112646146,53.509502898605,54.2442174911859,54.9960475040228,55.7049002721018,56.3605166988903,57.0368803805904,57.6912523622848,58.3300459712697,58.9793316998993,59.6193390938655,60.1670471962571,60.778437444582,61.4029739441699,62.0430885387988,62.6831543816806,63.3392420682377,64.0307817392054,64.7357474909755,65.4245974940335,66.0768405951305,66.7091262996798
IDA & IBRD total,IBT,Population density (people per sq. km of land area),EN.POP.DNST,,32.805997566422,33.4425677774543,34.2514729537909,35.067216484387,35.8937969461044,36.7607562978895,37.6329120074112,38.5302066562804,39.458597743253,40.4093371358901,41.3679806526476,42.3160001802469,43.2804666637128,44.2439524516379,45.1921360230162,46.1332393719448,47.0680574028675,48.0193177748443,48.996281322258,49.9899985445157,51.0095021873386,52.0827712914808,53.1715098338391,54.2619584096583,55.3741209447384,56.5149973876813,57.6860930106137,58.865092192063,60.0421669780343,61.2074214486109,62.3494677590129,48.7113080148021,48.9898330414147,49.8371786819958,50.6786437224414,51.5219603323438,52.3634890608939,53.219873369678,54.0455503906803,54.8285854432144,55.6393853530005,56.4418445167454,57.2381042162773,57.953476116607,58.7577273006878,59.5041893870548,60.3088469742152,61.127738182212,61.9623477403817,62.8024679701498,63.6580035539893,62.857277009197,63.7056975713582,64.5518542758325,65.3732186114169,66.1952642396838
IDA total,IDA,Population density (people per sq. km of land area),EN.POP.DNST,,19.5147180997333,20.0141418594309,20.5316636518929,21.068732981157,21.6261648653648,22.2008205172761,22.7959293512223,23.4131916238403,24.0483355407993,24.6888805051102,25.3084773277448,25.9494553095484,26.6535025755259,27.384399128419,28.1174022902952,28.8578856280881,29.6125945501554,30.4107137839267,31.2622215302664,32.1294883507762,33.0031965893121,33.9251972215358,34.8786586303928,35.8376766238356,36.8283075829531,37.8448986137759,38.8866857388671,39.9420967672689,41.0168373441177,42.1080971702541,43.214857894272,42.8205420734191,41.8598789002036,43.0003698706882,44.1460047506905,45.3166285512698,46.4915856143006,47.6764442595891,48.8662283302226,50.0462793579159,51.2767994991977,52.5416401532012,53.8290871200926,54.7713953414113,56.0850013475858,57.4450984313673,58.8501461367265,60.2727642451345,61.7115486838832,63.1730750822782,64.6481177321231,59.5725569656392,60.8225286796942,62.1089344175443,63.4041579812955,64.7573228228482
IDA blend,IDB,Population density (people per sq. km of land area),EN.POP.DNST,,28.6138125546527,29.3668759340264,30.1543591288537,30.9711575871468,31.8190745632121,32.6957678656726,33.596473783823,34.5278356974531,35.4945451602049,36.4936625560737,37.5028749939767,38.5460776663086,39.6538795095949,40.8154867683767,42.036208140867,43.3060431511204,44.6310996032099,46.0097920585599,47.4820047735662,49.1994941359624,51.0085936126554,52.7245963602799,54.3619739036093,55.9930439784459,57.7395245697948,59.5634933314694,61.4369522025407,63.3521113574588,65.2957698632131,67.3091769099612,69.3540339039731,65.1278917192615,66.9287717112628,68.7610779577643,70.6495814865923,72.60024131365,74.5700147143932,76.5694663752713,78.5652923390356,80.4600939070839,82.6111587109078,84.7083095999817,86.827203743006,89.0398379217651,91.2826088936342,93.581637179149,96.0455757341829,98.5976026018541,101.177378451268,103.794019345103,106.36032982086,108.809489445231,111.149837248575,113.482474604471,115.643018761631,117.885625668935
Indonesia,IDN,Population density (people per sq. km of land area),EN.POP.DNST,,50.1174390169853,51.5441578299486,53.0210944098213,54.5569583289633,55.9542993094388,57.2943656607252,58.8033545488168,60.4172104859321,62.1105665251688,63.843790193037,65.5970798809872,67.3668922536805,69.1601842600617,70.9633329101277,72.778776420453,74.6168544411753,76.4715362917249,78.3591928548165,80.2811009235083,82.2217965632021,84.1728638694613,86.1419387603018,88.1287397119626,90.1158243954139,92.0616840640991,93.9378908902223,95.7794366212733,97.6253001540101,99.4726287143196,101.293959383297,103.10296483161,104.905548226124,106.705878326534,108.520138885056,110.339681602146,112.170298691191,114.00944760622,115.825934410484,117.580147606772,115.08687262286,116.695437968937,118.288280970792,119.864570212072,121.397785588322,122.966345480392,124.606809305259,126.263615441442,127.912368929422,129.543311146252,131.186593584406,132.872174396105,134.591727167608,136.271572751061,137.882705314833,139.438934572699,140.945267664402
IDA only,IDX,Population density (people per sq. km of land area),EN.POP.DNST,,17.0259233792977,17.4559713401758,17.8996529811528,18.360210479165,18.8381885488684,19.3302305172111,19.841752087225,20.3731014668497,20.9175551965668,21.4600230193582,21.9730517333658,22.5040127578584,23.0976246101432,23.7106226068928,24.3101605805556,24.9058491860885,25.5045496884207,26.1438634464578,26.8255883916347,27.4602919621946,28.0781405691594,28.7829560488759,29.5493443667594,30.3245344698738,31.108416209481,31.9041634261566,32.7184615414792,33.5387037657261,34.3757673021172,35.2147901620566,36.0653369891507,36.2706421070438,34.9557591572297,35.9029516395928,36.8439163112427,37.7996297958274,38.7556043702333,39.7160317887003,40.6837405806577,41.6489221717983,42.625372187978,43.6604117009897,44.7182614843961,45.3875018688047,46.4466700324973,47.5497426927482,48.6646138101008,49.7778474851127,50.9042436253728,52.0499710116481,53.22658863378,47.743623737219,48.731601106062,49.7659149138026,50.8354289204993,51.9693525448809
Isle of Man,IMN,Population density (people per sq. km of land area),EN.POP.DNST,,85.0017543859649,85.4175438596491,86.2298245614035,87.0614035087719,87.8771929824561,89.0333333333333,90.7736842105263,92.7912280701754,94.8666666666667,97.0175438596491,98.9947368421053,100.643859649123,102.20350877193,103.752631578947,105.191228070175,106.578947368421,108.010526315789,109.470175438596,110.945614035088,112.414035087719,113.326315789474,113.484210526316,113.385964912281,113.20701754386,112.984210526316,113.5,115.082456140351,116.982456140351,118.929824561404,120.905263157895,122.470175438596,123.426315789474,124.161403508772,124.856140350877,125.461403508772,126.398245614035,127.910526315789,129.580701754386,131.210526315789,132.735087719298,134.168421052632,135.570175438596,136.928070175439,138.231578947368,139.501754385965,140.866666666667,142.363157894737,143.910526315789,145.50701754386,147.145614035088,148.038596491228,147.956140350877,147.615789473684,147.178947368421,146.654385964912,146.431578947368
India,IND,Population density (people per sq. km of land area),EN.POP.DNST,,150.197171724646,153.802175441193,157.453299318241,161.183643830364,164.853287546373,168.418515802892,172.073218327789,175.810119434009,179.564892926453,183.595487674854,187.709627369929,191.875440856454,196.242284549592,200.808354326498,205.607288804281,210.501812194983,215.526455759639,220.547031639418,225.735908905923,231.184022884511,236.680551865168,242.26957342114,248.007251806982,253.894116756749,259.871650651321,265.939942620552,272.075202055704,278.267783088198,284.556159882147,290.923964159707,297.299398962058,303.699753463452,310.144453264003,316.550158920217,322.986773129198,329.5041547967,336.047733915424,342.61687951325,349.195921888611,355.82076254797,362.539418940599,369.165905979773,375.624499611528,382.078344471763,388.36277600826,394.485011048739,400.470881780175,406.274393496547,412.191872366045,418.231449722352,424.199245255096,430.068210238834,435.838110245225,441.370107863944,446.666542669658,452.020992940243
Not classified,INX,Population density (people per sq. km of land area),EN.POP.DNST,,,,,,,,,,,,,,,,,,,,,,,,,,,,,,,,,,,,,,,,,,,,,,,,,,,,,,,,,
Ireland,IRL,Population density (people per sq. km of land area),EN.POP.DNST,,40.9986935694586,41.1678037451009,41.4087676005226,41.610538539701,41.7665844099289,41.9335172013355,42.1316591667876,42.3218173900421,42.5700391929162,42.9271302075773,43.4322833502685,44.082595442009,44.7953258818406,45.5436202641893,46.2991725939904,47.0031934968791,47.6440702569313,48.3248657279721,48.9730004354768,49.539846131514,50.1233851066918,50.5995064595732,50.9595006532153,51.2762810277254,51.3584264769923,51.3817680359994,51.3870953694295,51.167789229206,50.9654376542314,51.0084772826245,51.3025838292931,51.6537959065176,51.9126288285673,52.1176658440993,52.3855566845696,52.8017128755988,53.3338800987081,53.8931049499202,54.5040789664683,55.2355058789374,56.1219770648861,57.075729423719,58.0130788213093,59.0834954274931,60.3848744375091,62.0349978226158,63.8545797648425,65.1697488750181,65.8350268544056,66.1947307301495,66.4840179997097,66.7663376397155,67.1188271156917,67.6112643344462,68.2531136594571,69.1351720133546
"Iran, Islamic Rep.",IRN,Population density (people per sq. km of land area),EN.POP.DNST,,13.5843991748324,14.003233748373,14.4398223188192,14.8965218939561,15.3718030894668,15.8582418526978,16.3488985485891,16.8455702497606,17.3589000221027,17.8940420933716,18.4367684618974,18.984490655468,19.5485142071269,20.1358475159017,20.7538084186743,21.3888301529998,22.0616794371178,22.7943558289742,23.5915371202633,24.4617524988335,25.7799258331491,27.1815006508018,28.2604772956114,29.3437940519168,30.4417403423463,31.5860194258209,32.7387049043444,33.8126513421253,34.8147756575554,35.8432746383752,36.8298159335937,37.5653767283086,37.699564699526,37.7714322552126,38.1919785603772,38.6068542940642,39.0724465237358,39.6128705272723,40.1811138534836,40.778665365063,41.4131026056632,41.7565000368378,42.2218988678504,43.1348485964783,44.1000853409956,45.0605043100273,45.8033399641445,46.3630025295317,46.9423518504875,47.5336096171321,48.1247071391734,48.7306785530097,49.3717220462192,50.0393213241976,50.7253137356025,51.4576905130283
Iraq,IRQ,Population density (people per sq. km of land area),EN.POP.DNST,,16.4495804467613,16.9510368795299,17.5319020508951,18.1301095182569,18.7533209868075,19.4002880856026,20.071950522441,20.7719230857169,21.4997736470265,22.2594393762718,23.0418387177904,23.8474609598281,24.6836065573771,25.5338980725701,26.3933031529369,27.2713057594257,28.1936255344445,29.1591901593616,30.1126391842147,31.0766444886481,32.0241008756888,32.9379769988797,33.9313510300204,35.0063630335871,35.8584950956856,36.7518233989528,37.7736218762146,38.66021675012,39.7021789331687,40.1975581315591,40.6229348149164,41.8429361867526,43.9014907286737,46.0475272652445,47.6161145025951,49.1604842581796,50.7044218853602,52.3227450442417,54.0424057434209,55.8430070649564,57.6121819054805,59.4612319089101,61.281429910602,63.0538857260443,64.9506093239134,65.4286187895832,64.9143905617669,66.2391933603128,69.2075105912691,71.4803969423467,74.0500644685946,77.4885844538589,81.2709362215752,84.1918950171378,86.5194942505436,88.6135586739395
Iceland,ISL,Population density (people per sq. km of land area),EN.POP.DNST,,1.78582543640898,1.8192319201995,1.85190024937656,1.88511720698254,1.91806483790524,1.95082294264339,1.9825536159601,2.00985536159601,2.02861845386534,2.03928179551122,2.05584039900249,2.08615461346633,2.1178753117207,2.14672319201995,2.17435411471322,2.19604987531172,2.21245885286783,2.22979551122194,2.25172069825436,2.27569077306733,2.30179551122195,2.3327680798005,2.36386034912718,2.38913715710723,2.40802992518703,2.42573566084788,2.45245885286783,2.49117206982544,2.5222144638404,2.54190523690773,2.57154114713217,2.60405985037406,2.63067331670823,2.65357605985037,2.66800997506234,2.68245386533666,2.7045187032419,2.73363591022444,2.7668927680798,2.80503740648379,2.84257356608479,2.86805985037406,2.88799002493766,2.91345635910224,2.95994014962594,3.03024438902743,3.10789027431421,3.16622443890274,3.17704738154613,3.17247880299252,3.18218453865337,3.19916209476309,3.22956608478803,3.2656957605985,3.29990024937656,3.34602493765586
Israel,ISR,Population density (people per sq. km of land area),EN.POP.DNST,,100.970425138632,105.961182994455,109.935304990758,114.371534195933,118.438077634011,121.487985212569,126.84842883549,129.52865064695,132.948243992606,137.430683918669,141.820702402957,145.47134935305,151.478743068392,156.053604436229,159.658040665434,163.26247689464,166.959334565619,170.517560073937,174.953789279113,179.205175600739,182.809611829945,186.275415896488,189.695009242144,192.190388170055,195.609981515712,198.65988909427,201.894639556377,205.268022181146,208.780036968577,215.341959334566,228.69685767098,236.73752310536,243.1146025878,249.49168207024,256.238447319778,263.031423290203,269.685767097967,275.924214417745,283.040665434381,290.619223659889,297.550831792976,303.604436229205,309.135859519408,314.648798521257,320.244916820702,325.956561922366,331.797597042514,337.744916820702,345.914972273567,352.292051756007,358.863216266174,365.549907578558,372.435304990758,379.653419593346,387.250462107209,394.916820702403
Italy,ITA,Population density (people per sq. km of land area),EN.POP.DNST,,171.828057529496,172.994627860324,174.261330794601,175.700758219714,177.186596851518,178.569242800313,179.86637652579,181.00625616266,182.033762877835,182.999047975247,183.854646220802,184.901380435891,186.159620550134,187.381823127401,188.504304511917,189.44700962225,190.253343986944,190.932450443712,191.485325218456,191.880191084968,192.110689877937,192.253061779606,192.322851994152,192.365842711911,192.421444357553,192.431930230186,192.451569140798,192.544585359219,192.689065315698,192.850430111183,192.983988983714,193.115116793037,193.233215463602,193.272585087212,193.27565536704,193.329981979531,193.432294039645,193.487960286967,193.520509333243,192.555434569421,192.673361107542,193.054951000615,194.101082788332,195.55177229658,196.6964540542,197.484972169432,198.690127080529,200.22853191216,201.392725501999,202.285308976795,202.986767799052,203.542723134878,203.949752805037,203.980505075782,203.672434549131,203.285640373599
Jamaica,JAM,Population density (people per sq. km of land area),EN.POP.DNST,,154.502400738689,156.688088642659,158.919575253924,161.178947368421,163.360295475531,165.417820867959,167.392890120037,169.32271468144,171.295198522622,173.425300092336,175.782825484765,178.351061865189,181.091320406279,183.832502308403,186.424838411819,188.880701754386,191.196398891967,193.428993536473,195.705078485688,198.121698984303,200.72188365651,203.498522622345,206.35567867036,209.100831024931,211.510249307479,213.492613111727,215.125854108957,216.599907663897,218.090120036934,219.748568790397,221.686888273315,223.887442289935,226.215697137581,228.55216989843,230.854201292705,233.099076638966,235.258356417359,237.279409048938,239.131578947368,240.79649122807,242.327146814404,243.820129270545,245.302216066482,246.742843951985,248.113204062789,249.396860572484,250.581717451524,251.674515235457,252.723453370268,253.792059095106,254.893259464451,255.995383194829,257.034810710988,257.963896583564,258.775069252078,259.456602031394
Jordan,JOR,Population density (people per sq. km of land area),EN.POP.DNST,,10.1721554850408,10.6590435176791,11.1594968268359,11.7366273798731,12.4596554850408,13.3540344514959,14.4059723481414,15.5537171350861,16.6942429737081,17.7375679963735,18.6439823209429,19.4305870353581,20.1506572982774,20.8429510426111,21.5214755213055,22.1914891205802,22.8808023572076,23.6128173164098,24.4093608340888,25.3194242973708,26.354453762466,27.5037058023572,28.7546124206709,30.0848594741614,31.4915004533092,32.9769605621034,34.5380099728014,36.1858454215775,37.9604147778785,41.0461015412511,44.3693223028105,46.7780258386219,49.2749320036265,51.6931776971895,53.8542157751587,55.6722121486854,57.1881799637353,58.525430643699,59.7965095194923,61.0487873980054,62.3174750679964,63.6453535811423,65.0705802357208,66.6598028105168,68.3316749773345,72.839653218495,77.3711128739801,79.2142565729828,80.4432642487047,82.1924194638432,84.2579860328903,85.4598670871818,90.0181234512278,99.0280468574003,107.509900878576,112.70969813021
Japan,JPN,Population density (people per sq. km of land area),EN.POP.DNST,,256.490319061903,258.884646850286,261.521679847287,264.25688573766,267.117534769566,269.569130079084,272.372511589855,275.459503681484,278.753749659122,281.982547041178,288.238341968912,292.384069830878,296.527550463721,300.496453900709,304.428376534789,307.708049113233,310.786026200873,313.627183406114,316.293668122271,318.883428883429,321.127183406114,323.539049699618,325.797378481704,329.265149437894,331.423477783873,333.101179051275,334.80252331322,336.198573779484,337.545255074054,338.667032364235,340.0,341.264399341744,342.372462973121,343.329676357652,344.136039495337,345.012345679012,345.835390946502,346.776406035665,347.410150891632,347.991769547325,348.831275720165,349.643347050754,350.39231824417,350.510288065844,350.543209876543,350.765432098765,351.168724279835,351.338820301783,351.294924554184,351.358024691358,350.707818930041,350.148148148148,349.643347050754,349.179698216735,348.809327846365,348.631001371742
Kazakhstan,KAZ,Population density (people per sq. km of land area),EN.POP.DNST,,,,,,,,,,,,,,,,,,,,,,,,,,,,,,,,,6.42020409675149,6.39866911138275,6.31320924547172,6.19718339074712,6.08068563173686,5.94260510427084,5.79611993925251,5.72503389265474,5.74178723561877,5.76936326258473,5.79941363855243,5.83301107530466,5.87108160165944,5.91477460458569,5.9650020372634,6.02185946586658,6.08457421194948,6.15618253880061,6.23654850538949,6.32144386413305,6.4103811534615,6.50313071822795,6.5993573360003,6.69858465755454,6.80208912101345
Kenya,KEN,Population density (people per sq. km of land area),EN.POP.DNST,,14.0348069016411,14.582190673648,15.159663703131,15.7668324138173,16.4073479284535,17.0745616192852,17.7655005798222,18.4819605018097,19.2214481498401,19.9753856696068,20.7135397266051,21.4464982253927,22.1998717363039,22.9646097620972,23.7405049724145,24.5240591067224,25.3519678813649,26.239810942826,27.1649611694838,28.145024071406,29.169460941069,30.2318849492216,31.3567382366377,32.5313736514742,33.7382155532909,34.9679270478265,36.2232420845486,37.5236655304494,38.8629054362723,40.223233299364,41.5477984327231,42.8408827353551,44.1318269670028,45.4319323892188,46.7402589872439,48.044788628457,49.3758442562463,50.7573830691921,52.2426959974699,53.8406894612925,55.55604947816,57.3317777699687,59.1281986857364,60.992822504129,62.8957444565485,64.8417050286397,66.8312699862951,68.8870067118811,70.9999139051903,73.0902185753945,75.1281951716625,77.1133692940226,79.043453280388,80.9140808939804,82.4529008736797,84.0057771361452
Kyrgyz Republic,KGZ,Population density (people per sq. km of land area),EN.POP.DNST,,,,,,,,,,,,,,,,,,,,,,,,,,,,,,,,,23.5422314911366,23.5494108446298,23.5405057351408,23.7771324296142,24.1315849843587,24.4860323253389,24.8645203336809,25.2368196037539,25.5389051094891,25.7824452554745,26.020354535975,26.2946193952033,26.6147705943691,26.9167883211679,27.2073670490094,27.468117831074,27.7305995828989,28.1003284671533,28.5039572471324,28.9185974973931,29.4685922836288,30.1206986444213,30.7916996871741,31.4913242961418,32.1967570385819
Cambodia,KHM,Population density (people per sq. km of land area),EN.POP.DNST,,31.5611148878314,32.2771244051666,32.9878200770451,33.6855767051892,34.4000056650804,35.1304781327895,35.8766372082484,36.6379107183322,37.4162984364378,37.6115001133016,37.5078178110129,37.8081010650351,38.1810899614775,38.4276002719239,37.2839961477453,34.7552175390891,32.1127974167233,29.5244334919556,28.8285066847949,29.4576931792431,29.9370892816678,30.7978246091094,31.9295433945162,33.1130580104237,34.2385168819397,35.6089564921822,37.1514276002719,38.5906072966236,40.0717935644686,41.7785633355994,43.5466236120553,45.9612678450034,48.8124915023793,52.3405959664627,56.7555914343984,61.190063448901,65.5505438477226,68.3105200543848,69.4863528212101,70.6001359619307,71.7113301608883,72.8259743938364,73.934783593927,75.0324665760254,76.1341604350782,77.2661907999094,78.4147405393157,79.6140890550646,80.8792771357353,82.1477792884659,83.4046227056424,84.6651087695445,85.9404486743712,87.2239519601178,88.5069737140267,89.8074042601405
Kiribati,KIR,Population density (people per sq. km of land area),EN.POP.DNST,,59.658024691358,61.158024691358,62.7049382716049,64.3061728395062,65.9740740740741,67.1913580246914,67.8962962962963,68.5543209876543,69.5802469135803,71.0,72.4098765432099,73.8,75.0913580246914,75.579012345679,75.2925925925926,74.8901234567901,74.4037037037037,73.9061728395062,74.2864197530864,75.4913580246914,76.6925925925926,77.9432098765432,79.220987654321,80.5283950617284,82.0938271604938,84.0234567901235,86.0901234567901,88.1814814814815,90.3049382716049,92.4135802469136,94.2802469135802,95.8530864197531,97.3345679012346,98.7913580246914,100.288888888889,102.003703703704,103.885185185185,105.749382716049,107.562962962963,109.398765432099,111.524691358025,113.906172839506,116.265432098765,118.623456790123,121.030864197531,123.477777777778,126.00987654321,128.669135802469,131.440740740741,134.202469135802,136.601234567901,138.622222222222,140.540740740741,142.377777777778,144.216049382716,146.269135802469
St. Kitts and Nevis,KNA,Population density (people per sq. km of land area),EN.POP.DNST,,158.097142857143,155.602857142857,152.688571428571,149.502857142857,146.111428571429,142.565714285714,138.871428571429,134.985714285714,130.66,127.445714285714,126.302857142857,125.808571428571,125.371428571429,124.965714285714,124.588571428571,124.234285714286,123.88,123.477142857143,122.951428571429,164.807692307692,164.223076923077,163.584615384615,162.823076923077,161.973076923077,161.053846153846,160.069230769231,159.030769230769,157.930769230769,156.761538461538,155.507692307692,155.223076923077,156.596153846154,158.623076923077,160.676923076923,162.792307692308,164.911538461538,167.030769230769,169.223076923077,171.542307692308,174.030769230769,176.003846153846,177.0,177.6,178.134615384615,178.603846153846,179.111538461538,179.638461538462,180.134615384615,180.446153846154,180.176923076923,180.330769230769,180.896153846154,181.034615384615,181.111538461538,181.103846153846,181.057692307692
"Korea, Rep.",KOR,Population density (people per sq. km of land area),EN.POP.DNST,,267.112512958739,274.860356624508,282.622299398715,290.111496993572,297.581111341489,305.158314327182,312.367644619531,319.70041467966,327.019137466307,334.240379431889,340.894712834335,347.350259174787,353.547055774414,359.65442670537,365.75497615592,371.641333195107,377.480769230769,383.259226622434,389.117105535973,395.228851337342,401.443582832262,407.695956873315,413.750808625337,418.888202363674,423.032801161103,427.261808003317,431.491706406801,435.737580344184,440.068816089571,444.425492432096,448.84619531412,453.534750155505,458.165332780427,462.798465685258,467.478654364503,471.953980924736,476.400373211694,479.851783122538,483.274694173751,487.332687124197,489.664709530701,492.248538072115,494.755475206612,496.617630654823,497.517408363449,499.982369942197,502.307449442839,505.770780492834,508.013960436843,509.815967078189,513.804280275749,515.875583187751,517.612269825303,520.852499230217,523.525547744882,525.370072521002
Kuwait,KWT,Population density (people per sq. km of land area),EN.POP.DNST,,19.4132996632997,21.604657687991,24.000785634119,26.5496632996633,29.2465768799102,32.131874298541,35.2462962962963,38.5923681257015,42.0567901234568,45.4048260381594,48.5452300785634,51.647138047138,54.8627384960718,58.2685746352413,62.001290684624,66.1453984287318,70.596127946128,75.2143097643098,79.8829405162738,84.4434343434343,88.8566778900112,93.2929292929293,97.8841189674523,102.171043771044,106.298653198653,110.691358024691,115.207295173962,119.792760942761,124.437037037037,94.5465207631874,75.8360830527497,91.7486531986532,93.8356341189674,93.3984848484849,94.3609988776656,97.0957351290685,100.318911335578,103.496184062851,106.623456790123,109.691863075196,112.689169472503,115.59898989899,118.399607182941,121.061728395062,125.521212121212,132.701066217733,140.734399551066,148.789057239057,156.873400673401,165.172390572391,175.803254769921,187.267620650954,196.848709315376,205.716947250281,215.183726150393,224.696745230079
Latin America & Caribbean (excluding high income),LAC,Population density (people per sq. km of land area),EN.POP.DNST,,10.9931794449081,11.3078003918455,11.6304181410786,11.9598925634078,12.294725055956,12.6337866021012,12.9764741982874,13.322437505882,13.6718490091048,14.023452401808,14.3787771256007,14.7399188318506,15.1063546445351,15.4771699825621,15.851336693232,16.22929028366,16.613899520732,17.0063672654854,17.4033809366467,17.8040029771046,18.2054898904697,18.6090705023759,19.0196768109253,19.4345412866194,19.8491802126473,20.2623916145258,20.6752407651368,21.0894616107718,21.5037790673789,21.919065292237,22.3310112339414,22.7399919047024,23.1467538196816,23.549508532727,23.9513413208162,24.3500939363051,24.7463613049872,25.1816827592348,25.5760427057131,25.9589325494317,26.329703264353,26.692800728292,27.0461672593137,27.3924582418061,27.7342543400567,28.0720558321207,28.4079343535883,28.7418557240293,29.0712412420028,29.3940846179621,29.7154598547994,30.0379370411482,30.3599904003933,30.6737409974707,30.9789770366851,31.2750399720565
Lao PDR,LAO,Population density (people per sq. km of land area),EN.POP.DNST,,9.40119584055459,9.61832755632582,9.83995233968804,10.0642374350087,10.2954939341421,10.5332928942808,10.7786611785095,11.0328292894281,11.2953162911612,11.5671663778163,11.8484748700173,12.1389081455806,12.4374913344887,12.7372660311958,13.0221880415945,13.2793587521664,13.5135311958406,13.7423743500867,13.9870103986135,14.2659142114385,14.5867894280763,14.9481195840555,15.3422920277296,15.7618847487002,16.2044410745234,16.6668760831889,17.1473656845754,17.6455849220104,18.1584662045061,18.6826473136915,19.2162824956672,19.7558318890815,20.2992201039861,20.8371750433276,21.357924610052,21.8616897746967,22.3224046793761,22.7394540727903,23.1403119584055,23.5321143847487,23.9232322357019,24.3106109185442,24.6878032928943,25.0503726169844,25.4312088388215,25.8370883882149,26.2401906412478,26.6419800693241,27.0435095320624,27.4445147313691,27.8448440207972,28.2451386481802,28.6455155979203,29.0432062391681,29.4698656845754,29.934150779896
Lebanon,LBN,Population density (people per sq. km of land area),EN.POP.DNST,,180.848875855327,186.664516129032,192.601759530792,198.489051808407,204.186803519062,209.996089931574,215.711730205279,221.541348973607,227.581524926686,233.246725317693,239.13137829912,245.330303030303,251.508797653959,257.593841642229,263.264027370479,266.517008797654,270.005376344086,275.921994134897,281.782502443793,287.855620723363,294.133040078201,298.624731182796,302.541153470186,308.186119257087,314.504007820137,322.616324535679,330.943792766373,337.697849462366,344.602639296188,351.434506353861,358.642424242424,366.3119257087,373.474780058651,380.234506353861,387.16862170088,394.406744868035,401.603616813294,408.727370478983,415.960606060606,423.200391006843,430.295014662757,436.315151515152,442.3761485826,449.587390029325,456.608211143695,464.431671554252,473.520821114369,481.461779081134,488.004594330401,492.794525904203,498.144672531769,511.802737047898,561.430694037146,620.429130009775,632.694916911046,618.089931573803
Liberia,LBR,Population density (people per sq. km of land area),EN.POP.DNST,,12.1233077242525,12.4277304817276,12.7430855481728,13.0683658637874,13.4048588039867,13.7498235049834,14.1033534053156,14.4677117940199,14.8422446013289,15.2271179401993,15.615417358804,16.016092192691,16.4409053156146,16.8849875415282,17.3475186877076,17.8266196013289,18.3349148671096,18.8771490863787,19.4426183554817,20.0296200166113,20.6277720099668,21.2320701827243,21.8761731727575,22.5634551495017,23.2614098837209,23.9670992524917,24.6805336378738,25.4042877906977,26.1405523255814,23.0862437707641,20.3126868770764,21.5164140365449,22.3746470099668,22.3206810631229,22.5203696013289,23.1757578903654,25.0517960963455,27.7213870431894,29.2948920265781,30.3998857973422,31.3054194352159,32.1302117940199,32.3871677740864,32.7750415282392,34.2713351328904,36.2415593853821,38.0922965116279,39.6698816445183,40.9367524916943,42.1396387043189,43.8245224252492,45.4011939368771,46.4102886212625,47.3867628737542,48.3744912790698,49.3730066445183
Libya,LBY,Population density (people per sq. km of land area),EN.POP.DNST,,0.884150971276584,0.921809109198995,0.96073803380429,0.996675835729793,1.02527649271969,1.05087863873512,1.07880411925844,1.10982472691726,1.14478386396445,1.18359855416757,1.22391875149187,1.26515509735499,1.31522613864987,1.38229935096673,1.4614933448515,1.54656160132762,1.63766268456528,1.73484319765393,1.83789285836071,1.94617797833525,2.05820043875104,2.11689702990554,2.11359844050149,2.14467019789263,2.21577514577674,2.2832120895234,2.34705604874001,2.40844482080544,2.46821328301715,2.52636427702695,2.5827204837628,2.63725291837639,2.68993316434977,2.74051001966423,2.78870784409562,2.83448685451879,2.8783881014356,2.92161815019835,2.96556941018675,3.01500448980984,3.07105209316071,3.13059663321095,3.19367448310354,3.26033679257079,3.32973277106516,3.39873546495107,3.46930447730657,3.54378417086284,3.61838094047308,3.69291917205633,3.60503483865101,3.51189970105823,3.58311149504984,3.65280243700058,3.71223103765757,3.76923855098492
St. Lucia,LCA,Population density (people per sq. km of land area),EN.POP.DNST,,153.262295081967,154.926229508197,156.588524590164,158.204918032787,159.824590163934,161.414754098361,163.12131147541,165.040983606557,167.014754098361,169.122950819672,171.416393442623,173.773770491803,176.226229508197,178.813114754098,181.516393442623,184.303278688525,187.106557377049,189.891803278689,192.668852459016,195.55737704918,198.632786885246,201.781967213115,204.990163934426,208.306557377049,211.736065573771,215.145901639344,218.404918032787,221.311475409836,223.790163934426,225.995081967213,228.72131147541,232.159016393443,235.616393442623,239.16393442623,242.96393442623,246.616393442623,250.113114754098,253.568852459016,256.888524590164,260.026229508197,262.683606557377,264.985245901639,267.173770491803,269.244262295082,271.229508196721,273.17868852459,275.013114754098,276.734426229508,278.473770491803,280.173770491803,281.640983606557,282.929508196721,284.211475409836,285.472131147541,286.729508196721,287.944262295082
Latin America & Caribbean,LCN,Population density (people per sq. km of land area),EN.POP.DNST,,11.194729307185,11.508594923127,11.830454201081,12.1582641308975,12.4905333261259,12.826140756303,13.1644334292786,13.5055293508811,13.8498251282887,14.1963611733725,14.5469183828718,14.9032798452763,15.2651128628539,15.6310811154874,15.9998422070342,16.3720320545851,16.7500667503446,17.1355001936632,17.5250315106164,17.9182794187918,18.3121090271441,18.7080788383752,19.1110004111187,19.5182547925858,19.9256961211356,20.3321796011771,20.7386577014464,21.1467680644397,21.5552820597832,21.9653180325214,22.3723304238667,22.7766228422573,23.1791334601828,23.5777788114357,23.9753047217646,24.3701224647499,24.7617465159541,25.1887886309395,25.5768022886015,25.9529802442326,26.3171527942571,26.6736175172998,27.0204001421728,27.3602195415425,27.6926786911619,28.0234967476479,28.3523925287658,28.6798177861617,29.0030480416402,29.3205404252576,29.6351277053727,29.9513839091708,30.2674745867114,30.5785633447624,30.8787654817007,31.1707723980073
Least developed countries: UN classification,LDC,Population density (people per sq. km of land area),EN.POP.DNST,,15.110615688615,15.4831953538869,15.8675670646095,16.2669005681632,16.6819047214239,17.1089272317538,17.5534304030966,18.0162992529549,18.4913971783354,18.96509527093,19.411338615463,19.8763635365323,20.4033618985275,20.9481577977248,21.4783532053416,22.0027047919263,22.5284101592621,23.0925787346783,23.6973246077242,24.256552620949,24.8005398987214,25.43238540985,26.1274749698071,26.8360166008381,27.5524874675184,28.2732773072208,29.0092544175187,29.7507822396248,30.5083829343308,31.2726723355069,32.0489661624654,32.9100394778964,31.7430322154534,32.6204880045168,33.5012923459635,34.3941030401906,35.2896743152656,36.1993371443917,37.1135452481448,38.0157494546563,38.9322611228628,39.9133291297747,40.9202548379649,41.5649792989131,42.5733305706912,43.6078010868618,44.6315328716539,45.6825799204958,46.7705422024535,47.8705097847789,49.0078641347733,44.0204956941845,45.0789648935615,46.1579947750621,47.2466657749518,48.369244968772
Low income,LIC,Population density (people per sq. km of land area),EN.POP.DNST,,12.5809527160725,12.8850346620847,13.2013334734745,13.5327580234615,13.8780924657378,14.2342094896882,14.6082144342334,14.9999806239632,15.4004193266827,15.8117281688274,16.23157882711,16.6521123992926,17.0931878607302,17.5534030408694,18.0167191777379,18.4899207992286,18.959057634214,19.4781171878927,20.022312955016,20.4680785700902,20.8693020003565,21.3723930698182,21.9517218969796,22.545321761703,23.150418946031,23.7587856186389,24.3938033279863,25.0478879946621,25.7315208101969,26.4108732193537,27.1044290277911,27.917905041337,26.1917847785376,26.9813364558549,27.7618453604395,28.5862094996076,29.4062231191167,30.2470195282169,31.1172782573672,31.967619949259,32.8429402360992,33.8210256154731,34.8403285010995,35.413386277843,36.4489177292499,37.5498913845629,38.6677904909807,39.7896754526954,40.9376837881433,42.1074736249062,43.3016971861972,36.9173252663892,37.8629206901198,38.8073512970321,39.7872891377062,40.8421348152716
Liechtenstein,LIE,Population density (people per sq. km of land area),EN.POP.DNST,,105.48125,109.01875,113.08125,117.21875,119.96875,122.5625,126.09375,130.21875,131.775,132.125,135.0,138.325,142.40625,146.56875,149.0375,150.3625,152.7625,156.425,159.84375,159.45,160.45625,164.09375,165.2875,166.225,167.9875,170.2375,172.23125,174.675,176.98125,179.6375,182.55625,185.16875,188.05625,190.4375,192.35,193.95625,195.2,197.925,201.38125,204.03125,207.4625,210.5875,212.99375,215.29375,217.20625,218.98125,220.3875,221.70625,223.3875,225.1375,226.95,229.10625,231.15,232.8,234.3375,235.725
Sri Lanka,LKA,Population density (people per sq. km of land area),EN.POP.DNST,,157.859543932387,161.756561951842,165.763674055175,169.88354329453,174.086509328656,178.343613458778,182.703364694626,187.148588741827,191.5780258332,195.935416998884,200.158029022484,204.26096316377,208.274852495615,212.178169350981,216.057789826184,220.009089459416,224.037171105087,228.195311752512,232.492648700367,236.77202997927,240.781597831287,243.766018178919,245.396172859193,246.242385584436,247.873608674853,250.857215755063,253.812406314782,256.396443948334,259.106314782331,260.763163769734,262.722915005581,266.931653643757,271.502439802264,275.486732578536,280.084005740711,285.520937649498,290.993461967788,296.539674693031,302.100637856801,307.655142720459,312.55560516664,315.830840376336,318.1553340775,320.325386700686,322.381183224366,324.548094402807,326.782730027109,328.964726518896,330.990830808484,332.946723010684,335.019103811194,337.577069047999,328.257056290863,331.334715356403,338.810527846445,342.672030762768
Lower middle income,LMC,Population density (people per sq. km of land area),EN.POP.DNST,,42.9125930267094,43.9798794241084,45.0714433640901,46.1912894449871,47.3183314654081,48.4453890595432,49.6045742870028,50.7954994064869,52.0067383374143,53.2657807285118,54.5131071028617,55.7982135955873,57.1794815974071,58.6128849352922,60.0874845933103,61.5793156099657,63.1139592478078,64.6733239471124,66.3101584358301,68.0746067048632,69.8886939224938,71.7206671484588,73.5799034361322,75.4715916050648,77.4083883633393,79.3829423494071,81.380554098508,83.3955786790744,85.4338711578265,87.6294748984862,89.7279850430161,88.1216908706137,90.1272202353684,92.1879698462654,94.2443605456062,96.3118958579686,98.3929699865269,100.486806905915,102.576752350282,104.634386666572,106.779912989337,108.89248801653,110.986902957306,113.11415843136,115.211660499761,117.297293779011,119.405378488484,121.506757723357,123.631923192532,125.795791166464,127.961852137897,130.113349840361,132.257116645527,134.382276265007,136.388369358499,138.421426921382
Low & middle income,LMY,Population density (people per sq. km of land area),EN.POP.DNST,,31.021790356601,31.6473517201671,32.4489381513151,33.2572928690662,34.0786514837994,34.9515023747328,35.8272772171209,36.7297090141754,37.6654540838211,38.6258979010024,39.5947396006361,40.5506262810315,41.5224262864992,42.4914771036112,43.4432635040585,44.3845505078491,45.3195363743494,46.2724720101087,47.2523275088827,48.2484068898928,49.2715030079948,50.350865552827,51.4472113840803,52.5421830305672,53.6594497979637,54.8077368954424,55.9875571057329,57.1774327670821,58.3677817262538,59.5859101122868,60.7547836356585,57.7343708105101,57.9473125309857,58.9971893273966,60.0410458632958,61.0918900643623,62.141256222439,63.2132031508366,64.2496450302262,65.2218353882537,66.2430861484134,67.2544292472635,68.2527728781307,69.1289173583153,70.1359477381372,71.0509634034925,72.0558293616596,73.0752431434163,74.1112567782416,75.154241027733,76.2128815618833,74.820053373175,75.8645196878609,76.9015603221378,77.9091147515093,78.9188617661408
Lesotho,LSO,Population density (people per sq. km of land area),EN.POP.DNST,,24.9942028985507,25.7514492753623,26.5274374176548,27.3200592885375,28.1320816864295,29.0471014492754,30.1048089591568,31.2287549407115,32.3847826086957,33.5728919631094,34.7907114624506,36.0363306982872,37.308860342556,38.6172595520422,39.9750658761528,41.2784584980237,42.4890316205534,43.7167325428195,44.9989789196311,46.3280961791831,47.6966073781291,49.1018445322793,50.5406126482213,52.0087615283267,53.5039196310935,54.8793807641634,56.1063899868248,57.3070158102767,58.4794466403162,59.6079051383399,60.6844202898551,61.7020421607378,62.6414031620553,63.4949604743083,64.276581027668,64.9676548089592,65.4851778656126,65.8118906455863,65.982674571805,66.0050395256917,65.9042490118577,65.7008893280632,65.3840250329381,64.9251976284585,64.3305665349144,64.0666337285902,64.3368906455863,64.7740777338603,65.2464756258235,65.7526679841897,66.337582345191,67.0077075098814,67.7372859025033,68.5141304347826,69.321837944664,70.1720026350461
Late-demographic dividend,LTE,Population density (people per sq. km of land area),EN.POP.DNST,,44.2914029966556,44.8701474068524,45.91038532259,46.9338780869388,47.9855466756487,49.1471228109501,50.2740255711228,51.432422055639,52.6537353299359,53.9011909460225,55.174017873913,56.382072953284,57.5520335988252,58.6639271344523,59.6869839835982,60.6561483295348,61.5718067778868,62.4895574078197,63.4018947394774,64.296897734834,65.2121292436095,66.2088965615495,67.2021882021086,68.1602125906044,69.1479592252187,70.1944861610319,71.2965566679313,72.4037002619398,73.4859978677763,74.4859714306242,75.4367013132056,42.5940714053283,43.0283631700643,43.4975738626751,43.9518164478378,44.3923101706422,44.8249307244732,45.2423877700228,45.6283355657454,46.0098979791788,46.3489595968754,46.6640057376622,46.9615796679169,47.260206287554,47.5540348054057,47.750641833215,48.0619705322459,48.3767096734734,48.6767234859002,48.9508454672571,49.2573421756937,49.6199977803342,49.9715537391357,50.3353116598204,50.6732232074435,51.0030271729307
Lithuania,LTU,Population density (people per sq. km of land area),EN.POP.DNST,,,,,,,,,,,,,,,,,,,,,,,,,,,,,,,,,59.0318123803446,58.7526005105297,58.3462667517549,57.8988832163369,57.4603222718571,57.0379227823867,56.626212507977,56.2258774728781,55.8317804722399,55.3736119974473,54.9308710912572,54.4864869176771,53.8780312699426,53.0077855775367,52.1682992980217,51.5522335673261,51.0288153171121,50.4653530115676,49.418141204627,48.3153301209433,47.6934454478731,47.2477064220183,46.8835275339186,46.4662250598563,45.9328405861882
Luxembourg,LUX,Population density (people per sq. km of land area),EN.POP.DNST,,,,,,,,,,,,,,,,,,,,,,,,,,,,,,,,,,,,,,,,,169.472433053922,171.501984882267,173.30818890175,175.427079853639,177.938286087179,180.681774041935,183.586849281014,186.444147510546,189.806794434561,193.354334501216,196.916246513832,201.342029008025,206.235870823396,211.05785290896,216.091529874226,221.251835336342,226.072263698018
Latvia,LVA,Population density (people per sq. km of land area),EN.POP.DNST,,,,,,,,,,,,,,,,,,,,,,,,,,,,,,,,,42.0129204364665,41.1925691420123,40.5088145017436,39.9353335368891,39.4880357401128,39.0963890272711,38.7294743439343,38.4155109518376,38.0469892490398,37.5587767367863,37.1249296928986,36.7678821090523,36.3688109663008,35.9779356228004,35.6494287045816,35.3596509553731,34.9899882687579,34.4170376203256,33.7081170552975,33.0999244700853,32.691902228936,32.3436289713468,32.0404647500281,31.7792437366417,31.4901409356067
"Macao SAR, China",MAC,Population density (people per sq. km of land area),EN.POP.DNST,,8666.15,8890.5,9106.75,11282.75,13281.55,13147.1,13021.15,12896.65,12765.3,12869.8,12370.0,12252.5,12140.0,12027.5,11910.0,11780.0,11647.5,11620.0,11760.0,11982.5,12240.0,12732.5,13465.0,14142.5,14485.0,14802.5,15342.5,15800.0,16255.0,16747.5,17582.5,18545.0,19200.0,19840.0,20465.0,20755.0,20865.0,21115.0,21370.0,21530.0,16688.4615384615,16237.037037037,16429.6296296296,16239.2857142857,16910.7142857143,17444.0559440559,17839.0410958904,18517.1232876712,18135.593220339,18080.8080808081,18381.27090301,18993.3110367893,19534.6534653465,20518.1518151815,21148.0263157895,21393.4426229508
St. Martin (French part),MAF,Population density (people per sq. km of land area),EN.POP.DNST,,,,,,,,,,,,,,,,,,,,,,,,,,,,,,,,,,,,,,,,,,,,,,,,,,,,741.38,745.52,748.38,749.0,747.38,743.5
Morocco,MAR,Population density (people per sq. km of land area),EN.POP.DNST,,26.7309338172693,27.4523726307299,28.1791952323341,28.8992382488686,29.6616279069767,30.4634695523592,31.294920912309,32.1456714612179,33.0112806380786,33.8966908634673,34.7878859165658,35.6783886723126,36.5813779968631,37.4946045261035,38.428828142505,39.3775084024199,40.3646784673986,41.4012659645978,42.4727515124356,43.6028299350213,44.7801949361416,45.9787542012099,47.1895496302935,48.3839973112256,49.5495249831952,50.6403831503473,51.6567152139816,52.6563387855702,53.6397356038539,54.6169639256106,55.5657943087609,56.492198073045,57.3932018821421,58.2586197624916,59.1517566659198,60.0674591082232,60.975435805512,61.8903159309881,62.798967062514,63.6868362088281,64.5633945776384,65.4226798117858,66.2590522070356,67.1140891776832,68.0218328478602,68.9472955411158,69.8778131301815,70.8195541115841,71.7696123683621,72.7470669952946,73.745435805512,74.7372641720816,75.7059623571589,76.6407797445664,77.5433295989245,78.4751445216222
Monaco,MCO,Population density (people per sq. km of land area),EN.POP.DNST,,10804.6373951653,10891.9585594475,11043.4139121855,11191.9092254563,11317.710902812,11411.4454859398,11460.2861371485,11562.4074987667,11756.783423779,11953.1327084361,12124.3216576221,12265.416872225,12369.0182535767,12449.4326591021,12580.1677355698,12775.0370004933,12961.5194869265,13125.3083374445,13266.8968919586,13380.3650715343,13464.7261963493,13596.9412925506,13793.7839171189,13989.1465219536,14174.1489886532,14352.7380365072,14526.8870251603,14692.1558954119,14841.6378885052,14976.8130241737,15108.5347804637,15237.7898371978,15360.6314750863,15478.5397138629,15593.9812530834,15706.4627528367,15817.9575727676,15918.5989146522,15989.1465219536,16011.3468179576,16007.400098668,15995.066600888,15971.3862851505,15938.3325111002,15890.4785397139,15814.9975333004,15706.4627528367,15705.9694129255,15966.4528860385,16360.6314750863,16746.916625555,17124.3216576221,17487.4198322644,17823.3843117908,18133.6951159349,18389.7385298471
Moldova,MDA,Population density (people per sq. km of land area),EN.POP.DNST,,,,,,,,,,,,,,,,,,,,,,,,,,,,,,,,,103.841049221444,103.37881682704,103.094311429266,102.659297111273,102.453957659819,102.111242480092,102.105506661565,101.980791314333,101.844482362364,101.616986454017,101.381934046035,101.132058382973,100.846989588049,100.566888293243,100.287778048526,100.055661920841,99.8653879625439,99.739374107982,99.7787848154216,99.7210931780946,99.6732759521901,99.5771842462653,99.5164884911377,98.7560678343838,97.614165825121
Madagascar,MDG,Population density (people per sq. km of land area),EN.POP.DNST,,9.02114729855212,9.25843450149603,9.5009543625546,9.74973862503009,10.0063899301854,10.273203906868,10.5521305499192,10.8444698558999,11.1509371668329,11.4729906799188,11.8115142552533,12.1649379234446,12.53232451766,12.9135158372597,13.3083468033153,13.7167365959349,14.1387350827114,14.5748598548681,15.0249011246002,15.4865219933281,15.9559290848437,16.4351050658596,16.9258245348557,17.4270901399732,17.9405406334904,18.4628004952368,18.9966141623964,19.5506104481205,20.1275888159026,20.7305413213193,21.3595143928191,22.0120198094714,22.6937871857482,23.409997592599,24.1621814492554,24.9522148089555,25.7777865667022,26.6350792722771,27.5140248306221,28.4010351824466,29.2893678852701,30.1783419885133,31.075857206727,31.9954053031606,32.946498951061,33.9287220139629,34.9392698696564,35.9800529628229,37.0521030367644,38.1458541114971,39.2273910913638,40.327672118186,41.4391371605363,42.5650532829151,43.7035097971812,44.8606943966999
Maldives,MDV,Population density (people per sq. km of land area),EN.POP.DNST,,311.5,319.34,327.406666666667,335.54,347.006666666667,361.69,375.093333333333,386.916666666667,398.546666666667,410.73,423.45,436.56,449.84,463.26,477.193333333333,491.75,506.433333333333,520.53,534.533333333333,549.45,565.106666666667,581.11,597.093333333333,613.993333333333,633.896666666667,656.45,679.813333333333,702.95,725.793333333333,749.206666666667,772.673333333333,795.143333333333,816.28,836.073333333333,855.496666666667,874.49,892.356666666667,909.076666666667,924.706666666667,940.063333333333,955.89,972.053333333333,988.303333333333,1004.71,1021.43,1046.17,1081.59666666667,1120.56666666667,1160.91666666667,1202.64,1245.58,1289.39333333333,1333.56666666667,1378.72333333333,1427.18,1477.69333333333
"Middle East, North Africa, Afghanistan & Pakistan",MEA,Population density (people per sq. km of land area),EN.POP.DNST,,12.8123794209677,13.154078302652,13.50906376439,13.8780463548411,14.2584929063717,14.6541635242202,15.0730377299125,15.5026032105921,15.9488167008976,16.4094722429083,16.8734238357927,17.3485463319151,17.8513696366767,18.3718760030168,18.9263476197177,19.512629354575,20.1167064052354,20.7436833858525,21.397638137642,22.083981298629,22.7989546490173,23.5325494452675,24.293904741275,25.0895665702716,25.9050275350334,26.737331433893,27.5851110808943,28.4385126022385,29.3078082334731,30.3003181193643,31.1677642469884,32.0844120176831,32.9779802298298,33.8449886002138,34.7028513695555,35.5638061530386,36.433786215271,37.3178590063055,38.2177840618023,39.1205813574758,40.0398325290766,40.9659534553527,41.9267484532594,42.9345571290448,43.972037001608,45.0539715429544,46.1484567476675,47.2595728449152,48.402001856602,49.4062557722331,50.5310468130288,51.6553996438614,52.7782720181475,53.8266969644997,54.8954519831127,55.9068416627011
Mexico,MEX,Population density (people per sq. km of land area),EN.POP.DNST,,19.4913027598446,20.1287070140693,20.7948069651997,21.4882322076185,22.2096643432187,22.9579495357391,23.7298325574217,24.5213626893696,25.3263684765555,26.1400514416523,26.9618858509735,27.7940111628386,28.6361706834024,29.4864317497878,30.3415211296587,31.1970534221559,32.0525183260886,32.9118783919339,33.7708608760513,34.6204038169706,35.4392386635459,36.2320327168909,37.0231950410247,37.8131361403328,38.6035721083361,39.3969171017773,40.1947843308727,40.9966979603385,41.7948928727591,42.6040638905322,43.432481288099,44.2628714730317,45.0905666298002,45.9164098870856,46.7411481776795,47.559197510224,48.3660623987242,49.1654852233854,49.9579243293295,50.734613544587,51.4926304688907,52.2382900794774,52.9738496360503,53.7020658967566,54.4311859872939,55.1730579490213,55.9553280691376,56.7783574680419,57.6145070603668,58.4500090022892,59.2831626327838,60.0932163893104,60.8778893490059,61.6190030607783,62.2815946912215,62.8881149206513
Marshall Islands,MHL,Population density (people per sq. km of land area),EN.POP.DNST,,,,,,,,,,,,,,,,,,,,,,,,,,,,,,,,253.155555555556,257.711111111111,261.627777777778,265.066666666667,268.144444444444,270.972222222222,273.661111111111,276.205555555556,278.9,281.7,284.016666666667,285.694444444444,286.883333333333,287.727777777778,288.366666666667,288.844444444444,289.083333333333,289.055555555556,288.994444444444,289.133333333333,288.372222222222,285.661111111111,281.561111111111,276.644444444444,271.111111111111,265.05
Middle income,MIC,Population density (people per sq. km of land area),EN.POP.DNST,,34.4916053107849,35.177656013948,36.0705538200423,36.9686473804895,37.8795743664834,38.8496535359767,39.8198410470859,40.8183593232594,41.8548272599047,42.9185959251971,43.9907353904814,45.0473537326839,46.1190200259591,47.1836447941386,48.2271649674027,49.2565312343691,50.2791649077137,51.313732755765,52.3755560540329,53.4751749755325,54.6152741859196,55.8030601201896,56.9966808268733,58.1859837569143,59.3996133750445,60.6494845435613,61.9318073698081,63.2224901648706,64.5081759299127,65.8276730632415,67.0858800802781,62.9000041703908,64.0025291520852,65.102716995689,66.1967977093382,67.2908347743044,68.3839401374787,69.5028211821349,70.5710083056682,71.5601879789006,72.6092570290315,73.6270966904428,74.6206630751834,75.6340575263469,76.6353261093512,77.5038688410477,78.4870213627798,79.4866769881374,80.5013968904064,81.5202823280176,82.5529219708055,83.6189877944695,84.686818817856,85.7454669653497,86.7586184600428,87.7576728482734
North Macedonia,MKD,Population density (people per sq. km of land area),EN.POP.DNST,,,,,,,,,,,,,,,,,,,,,,,,,,,,,,,,,79.9261895399135,78.9167911915061,78.3588674793551,78.589618560755,79.1408965788439,78.5241447109713,78.9430987023201,79.3213527329925,79.6834447502949,80.0189539913488,79.4399134880063,79.5408965788439,79.283759339363,78.8568619740464,78.4226110892646,78.5942528735632,78.1408244153785,77.6678033306899,77.1727993655829,76.8199048374306,76.5194686756542,76.2377478191911,76.0331879460745,75.8298969072165,75.5873513084853
Mali,MLI,Population density (people per sq. km of land area),EN.POP.DNST,,4.49297486457027,4.55987756005212,4.62764405543399,4.6960924118375,4.7660503692048,4.83711880936575,4.90981404535359,4.98527196584139,5.06290331833567,5.14384808923201,5.22700890844868,5.31370196444816,5.40662191953712,5.50359861988707,5.60343962825462,5.7048320343553,5.81137281898721,5.92502069349855,6.04435866545374,6.17159212909465,6.30456404330473,6.44177873937665,6.58454830805039,6.72731213991264,6.86340897729042,6.99176111916996,7.11460018521706,7.23985280980831,7.37584966275744,7.5224596169449,7.67330333800474,7.8295511354789,7.99448118735607,8.16842540915759,8.34735983740237,8.52922741540252,8.72527639138167,8.94907596357944,9.20136618067678,9.47335251067457,9.76254353830141,10.0706037584311,10.3958850670797,10.7380071956007,11.0955236479565,11.4655414320721,11.8487899425499,12.2446356714938,12.6501110482794,13.0677992771618,13.497118481548,13.8970430834542,14.3089313959301,14.7684106573566,15.2378088658324,15.7281152935199
Malta,MLT,Population density (people per sq. km of land area),EN.POP.DNST,,1016.40625,1012.1875,1007.96875,1003.90625,996.25,985.0,973.59375,962.1875,950.9375,945.78125,945.9375,945.15625,944.375,943.7375,950.69375,955.54375,959.28125,969.31875,979.19375,989.515625,996.81875,1018.43125,1032.8875,1033.103125,1051.4125,1069.128125,1076.515625,1085.390625,1096.00625,1106.78125,1137.015625,1148.80625,1160.3375,1171.240625,1179.434375,1187.203125,1196.221875,1204.021875,1211.18125,1219.021875,1228.2125,1237.403125,1245.56875,1253.9625,1261.98125,1266.5875,1271.0125,1279.309375,1288.990625,1295.3375,1300.8375,1312.5875,1327.53125,1354.628125,1388.1875,1420.328125
Myanmar,MMR,Population density (people per sq. km of land area),EN.POP.DNST,,33.9850368760902,34.7411313768094,35.5194907733268,36.3211356611684,37.1506426538544,38.0030235333721,38.8750941028858,39.7675153777887,40.6786302292132,41.6088012975487,42.5486106435719,43.4989809346023,44.4140955412064,45.288990727423,46.1740138323592,47.0649248707042,47.9786485907519,48.922753006702,49.8769011843192,50.8418826697677,51.8082795238241,52.763358019402,53.8034626801726,54.9305520702635,56.0376212626618,57.096548030725,58.1014077179668,59.0643679040304,60.0033938244025,60.9254995868654,61.8082351501056,62.6592741071702,63.5040380083851,64.3497612999969,65.1916301986106,66.0324693209291,66.880065489488,67.720098234232,68.5309606144995,69.3007941365486,70.0357116626373,70.7418872601524,71.406787648805,72.0344831808026,72.6067788049467,73.1252161537638,73.6397401762762,74.0701856698964,74.4840945966631,75.045742889508,75.6475990754489,76.3032167189773,76.9624823911313,77.6040209468978,78.2278679487965,78.8867551089188
"Middle East, North Africa, Afghanistan & Pakistan (excluding high income)",MNA,Population density (people per sq. km of land area),EN.POP.DNST,,15.4757973754084,15.8783982262998,16.2989281907681,16.7351634881579,17.1859077449392,17.6572267656294,18.1516262395588,18.6625620710652,19.1896931486656,19.7307306282153,20.2739141102344,20.8300119498286,21.4133342935617,22.0192267844105,22.6667577890246,23.3493409688042,24.048592884708,24.7731032427573,25.5264643564897,26.3183877104018,27.1468322894989,27.9967604213747,28.8785613461739,29.8043742705162,30.7504521185452,31.7131439696833,32.690974714539,33.6755721884763,34.679553096488,35.8915670429768,36.9135600796658,37.9451716242593,38.9758156560263,39.9794776026741,40.9700248831584,41.9555804331954,42.9455417426158,43.9528925554159,44.9777659791101,45.9896913197014,47.007183037732,48.0319970597146,49.1005741611585,50.2261467352218,51.3806494391487,52.5641919558156,53.7243409348052,54.9008576613877,56.142268888359,57.3701971008675,58.5873598896704,59.7718279995111,60.9240087486355,62.058006211722,63.1299804385823,64.1718148657434
Montenegro,MNE,Population density (people per sq. km of land area),EN.POP.DNST,,,,,,,,,,,,,,,,,,,,,,,,,,,,,,,,,,,,,,,,,,,,,,,45.7267657992565,45.7899628252788,45.8713011152416,45.969814126394,46.054126394052,46.1223048327138,46.2020817843866,46.2889962825279,46.3750185873606,46.4424535315985,46.4946468401487
Mongolia,MNG,Population density (people per sq. km of land area),EN.POP.DNST,,0.652228726479694,0.67301145546736,0.692345338733932,0.711003266325098,0.730999534455239,0.752051740992278,0.773533689904217,0.794816600242519,0.815724697682411,0.837042504394013,0.859530632069441,0.883279552787622,0.908276341965852,0.93447964093948,0.961780236984657,0.989987492506505,1.01861544319536,1.04654740510562,1.07316622941317,1.0994522457161,1.1262849718674,1.15375423371687,1.18201254134039,1.21125893331162,1.24173833047279,1.27369500743701,1.30719229465951,1.34177977043307,1.3727102355306,1.35624754831167,1.39930708804756,1.4008890569705,1.3991700874709,1.41485083743625,1.43782428319221,1.4601592545626,1.48099562056848,1.50171308041349,1.52304122679126,1.54338839734181,1.56242113783138,1.58263236912359,1.59541792198924,1.6137036582467,1.63171323734666,1.64830525022335,1.6705735718479,1.69711733640935,1.72788137676538,1.75857916493112,1.78925253897917,1.82353600871754,1.8616184405066,1.90278211075515,1.94371713207737,1.98352563105577
Northern Mariana Islands,MNP,Population density (people per sq. km of land area),EN.POP.DNST,,,,,,,,,,,,,,,,,,,,,,,,,,,,,,,,96.5065217391304,98.2195652173913,99.895652173913,101.586956521739,104.730434782609,112.404347826087,123.034782608696,133.341304347826,143.295652173913,148.6,147.791304347826,145.169565217391,142.219565217391,138.995652173913,135.552173913043,131.917391304348,128.132608695652,124.239130434783,120.271739130435,117.589130434783,116.539130434783,115.726086956522,114.691304347826,113.430434782609,111.986956521739,110.376086956522
Mozambique,MOZ,Population density (people per sq. km of land area),EN.POP.DNST,,8.69164526056105,8.86259060505099,9.04121162796612,9.22589714896106,9.41837406851649,9.61747501208067,9.82292275998881,10.0366400467967,10.2583369363412,10.4917546224472,10.7534741473588,11.0543693888451,11.3866603931941,11.7450761718253,12.1325783972125,12.5476347313004,13.0025878074213,13.5026958976576,14.0247831837025,14.4157036038556,14.7106068313029,15.0364582008698,15.3536737963834,15.6615809150792,15.9578689692006,16.2397034512577,16.3058241562603,16.2778275134159,16.4129835448511,16.6516658612884,16.9791830921437,17.3113710928559,17.8681960375391,19.1177967394898,20.2962053968819,20.9726595284722,21.5544418728859,22.0509982451232,22.5520816907856,23.0545703095196,23.5735000890155,24.1083674559373,24.6604377018744,25.2299308222488,25.8203018896717,26.4338958264452,27.070417609807,27.746173605636,28.4744589129937,29.2469734733844,30.0732966250413,30.9492179353493,31.8568770823266,32.7939100689234,33.7592156463796,34.7632251583204
Mauritania,MRT,Population density (people per sq. km of land area),EN.POP.DNST,,0.820963422916465,0.843294848161444,0.866811875424469,0.891583389929174,0.917665664111769,0.94514116619773,0.973942951392258,1.00391869603182,1.03498011060444,1.06704763752789,1.09993402541962,1.1335548656253,1.16798098379742,1.20324827786941,1.23928398175997,1.27615795090715,1.31344523139614,1.35123023188125,1.39008246822548,1.43013777044727,1.47169593480159,1.51467546327738,1.55888813427768,1.60443679053071,1.65140875133404,1.69965557388183,1.74931017754924,1.80058115843601,1.84636460657805,1.89374017657902,1.94987678276899,2.02593868244882,2.10956437372659,2.18245270204715,2.24315222664209,2.28794799650723,2.33948384592995,2.40094207819928,2.46599204424178,2.53559813718832,2.59897157271757,2.65708256524692,2.71858542737945,2.78321917143689,2.85151741534879,2.92389638110022,3.00093043562627,3.08845347821869,3.18661880275541,3.28996313185214,3.39847773357912,3.511238963811,3.62308916270496,3.7338837683128,3.84783060056272,3.96493354031241
Mauritius,MUS,Population density (people per sq. km of land area),EN.POP.DNST,,335.348275862069,344.999507389163,354.118719211823,362.749261083744,370.935960591133,378.725615763547,386.166009852217,393.306896551724,400.199507389163,406.896551724138,413.413793103448,419.730541871921,426.01921182266,432.533004926108,439.408866995074,446.555172413793,453.881280788177,459.851724137931,467.925123152709,475.881280788177,482.986206896552,488.926600985222,493.443842364532,498.631034482759,502.72315270936,506.581280788177,510.385221674877,513.910837438424,517.862068965517,521.564039408867,527.224630541872,534.207389162562,540.578325123153,548.2,552.934482758621,558.618719211823,565.657142857143,571.635960591133,578.949261083744,584.666502463054,589.303940886699,593.409359605911,597.71921182266,601.479310344828,605.051231527094,607.879802955665,610.655172413793,612.867487684729,614.497044334975,615.960591133005,627.142714071107,628.884326489735,630.409113670506,631.551326990486,632.388082123185,632.822734101152
Malawi,MWI,Population density (people per sq. km of land area),EN.POP.DNST,,39.4095672464998,40.3723695375477,41.3715103945694,42.3982286805261,43.4467225286381,44.5261561306746,45.6407721680102,46.7867416207043,47.954857870174,49.1508697496818,50.3970513364446,51.7021107339839,53.0752863809928,54.5326368264743,56.0815337293169,57.7363597793806,59.5564594823929,61.6263470513364,63.9451527365295,66.456607976241,69.1180950360628,71.9015591854052,74.7953860840051,77.7769410267289,80.8284683920238,83.8616885871871,87.9632371658888,92.8432541366143,97.3294442087399,101.250021213407,104.414796351294,107.499777259228,109.079592702588,107.816016122189,107.659280865507,109.803012303776,112.028372931693,114.476834959695,117.180780653373,120.024840899448,122.964128128978,126.012303775986,129.206342808655,132.591610097582,136.19040093339,139.994707254985,144.000243954179,148.243710224862,152.691854051761,157.259896054306,161.911561306746,166.626824352991,171.423589308443,176.299724225711,181.221754348748,186.229730589733
Malaysia,MYS,Population density (people per sq. km of land area),EN.POP.DNST,,24.8499254299193,25.506534774007,26.1821944909451,26.8708141835337,27.5647785725156,28.2595891036372,28.9365362958454,29.6006117790291,30.2772698219449,30.980983107594,31.7256216709785,32.496834576168,33.2844955105768,34.0919373002587,34.9167980520469,35.763497184599,36.6328199665196,37.5229249733678,38.4351301171816,39.5171602495815,40.7828427940953,42.10256581951,43.4816831532491,44.9216527164815,46.4229432354284,47.9696210622432,49.5411261604018,51.1234363110638,52.7012539948257,54.2784081570537,55.8285314259626,57.3263491097245,58.8119433876122,60.3270308933191,61.8797717242429,63.4609252777355,65.0592542991934,66.6769532795617,68.2865043372394,69.9066078222493,71.6071769898037,73.3601491401613,75.1167310911581,76.8734500076092,78.6366489118856,80.4075757114594,82.1743691979912,83.9143478922538,85.6027332217319,87.2189194947497,88.7598204230711,90.2840693958302,91.8407091766854,93.4291188555775,95.0625414700959,96.7575254907929
North America,NAC,Population density (people per sq. km of land area),EN.POP.DNST,,11.1453537412459,11.3214191603855,11.489980139704,11.6560014221552,11.8087248140704,11.9537251131114,12.09259600927,12.220978952147,12.3454452301413,12.492859099156,12.6720362552473,12.8095083346373,12.9356604425675,13.0604246581056,13.1958416305261,13.3265266374923,13.4633653237334,13.6059046586618,13.7553383787033,13.8924050423391,14.0328534626191,14.170534650026,14.3017319440469,14.4271964231605,14.5559959820364,14.6921371082094,14.8302200699116,14.9712206677729,15.1260082703048,15.3036003986625,15.508002492082,15.7213736090455,15.9265592782055,16.120951221886,16.311519799274,16.5004449752392,16.6968130724401,16.8869792686229,17.0763681236842,17.2615410984068,17.4348675310152,17.6000776497052,17.7526765317171,17.917832754583,18.0841751268952,18.2602548803579,18.4350805767394,18.6276912619533,18.7966631708473,18.961333874821,19.1156181527322,19.27427297778,19.4263570205461,19.5855960648071,19.7417224937758,19.9042852164603
Namibia,NAM,Population density (people per sq. km of land area),EN.POP.DNST,,0.732508593569702,0.747924789563823,0.764723244543235,0.782871163259605,0.802339394381081,0.823106074408775,0.845443282439966,0.869125095652808,0.894119933437792,0.920535898650536,0.948127634247956,0.977054257916409,1.00684813370744,1.0376902428063,1.07013567515699,1.10115026296931,1.13095507050978,1.15058970715058,1.16948462874564,1.19208784267998,1.20552903594116,1.22715932417496,1.26020114418978,1.2947916287092,1.3323251831068,1.37385489924571,1.41856332519525,1.46934373064169,1.56560507233174,1.66320858992579,1.71954475336759,1.77497844016082,1.8325219545968,1.89034726524068,1.9460578896865,1.99942061727945,2.05184564369785,2.10465935454093,2.15764554409746,2.20899925907032,2.2556426046715,2.29563094413876,2.32902622405228,2.35892820269893,2.38868685396397,2.4194245041237,2.45186993647439,2.48643369893962,2.52328341167754,2.56265835853709,2.60700968067145,2.66571196054853,2.73598367525416,2.80841380315563,2.88391696728978,2.96276281747622
New Caledonia,NCL,Population density (people per sq. km of land area),EN.POP.DNST,,4.51427789934355,4.66816192560175,4.81673960612691,4.95634573304158,5.09622538293217,5.2417943107221,5.39316192560175,5.54928884026258,5.73572210065645,5.98129102844639,6.2644420131291,6.56077680525164,6.87007658643326,7.1910284463895,7.51980306345733,7.7730306345733,7.91022975929978,8.00831509846827,8.1035010940919,8.19567833698031,8.28451859956236,8.36985776805252,8.47937636761488,8.62051422319475,8.76553610503282,8.91126914660832,9.06181619256017,9.21783369803063,9.41077680525164,9.65295404814004,9.91455142231947,10.1789934354486,10.4407549234136,10.7009846827133,10.9616520787746,11.2163019693654,11.4638949671772,11.7093544857768,11.9544310722101,12.2044857768053,12.4566192560175,12.7043763676149,12.9473741794311,13.1757111597374,13.3687636761488,13.5419584245077,13.7158096280088,13.8853938730853,14.0727571115974,14.3097374179431,14.5811269146608,14.8595733041575,15.1434354485777,15.3842450765864,15.490590809628,15.5045404814004
Niger,NER,Population density (people per sq. km of land area),EN.POP.DNST,,2.84847398752664,2.93243862003631,3.01876766400884,3.10713981211021,3.19704349885529,3.28850082892555,3.38169258703718,3.47646404041999,3.57284676719034,3.67117312702297,3.7706047209284,3.87214415410121,3.97715718007421,4.08538170048157,4.19753611747059,4.3143301492066,4.43650114470672,4.56535249072393,4.70163100971027,4.84406015631168,4.99092602826241,5.1414952238099,5.29615852214415,5.45509670798137,5.61968658719507,5.79127733480698,5.96917186389832,6.15279703165706,6.34308044525144,6.54145338280572,6.74737506907713,6.9611060235257,7.18464435146443,7.41948211889161,7.66916317991632,7.92993763322018,8.19765453540696,8.47983974105945,8.776672455988,9.08631088655562,9.41078945290913,9.74906765611431,10.1026162469409,10.4727528222942,10.8598657930054,11.2643727796637,11.6867529801847,12.1275084866188,12.5867806110366,13.0645259335281,13.5598665824584,14.0812891766006,14.6205873529644,15.1700552617036,15.741294702771,16.3304278834768
Nigeria,NGA,Population density (people per sq. km of land area),EN.POP.DNST,,50.4949767778912,51.566577730931,52.6736442790167,53.8138234680545,54.9938667281531,56.2032499972551,57.4163235504024,58.6677020543057,59.9843143713561,61.3698716470679,62.8201236316523,64.3430811291545,65.9685090637592,67.7219759104933,69.6233022607244,71.6514696355831,73.8217003195099,76.1185941565928,78.5030710278116,80.9915137740593,83.5206506582342,86.0576226709268,88.318960879256,90.6117274394194,93.2156010847964,95.7826377680424,98.3691996881759,101.035486456515,103.792410817221,106.636060695895,109.489950261866,112.402439693885,115.421093140969,118.5103966973,121.676634056897,124.899567399014,128.193497809546,131.587836665678,135.102517649901,138.764445469218,142.585499083193,146.548512796864,150.64466769876,154.876692249415,159.224889928302,163.682745369303,168.28316808854,173.034919902939,177.925781481603,182.969230431393,188.170007795602,193.463360672837,198.787227291193,204.109616039176,209.352391932101,214.591719094832
Nicaragua,NIC,Population density (people per sq. km of land area),EN.POP.DNST,,15.2605201927871,15.7247797905933,16.2054096725943,16.7041382748878,17.2235416320425,17.7648329732425,18.3277962439754,18.9117168023932,19.5146917068306,20.1351587169686,20.7730181153399,21.3858899783945,22.0149410004986,22.7029665946485,23.4082017616753,24.130388898122,24.8673259099219,25.5967591823168,26.2965348180156,27.0267824497258,27.8018447731428,28.5752451387735,29.3358982881835,30.0739903606448,30.8000581685225,31.5286438424464,32.2599634369287,33.0091407678245,33.7915572544457,34.5899867043377,35.3966843942164,36.2059664284527,37.0095728768489,37.8038557420642,38.5817766328735,39.305085590826,39.9665364799734,40.5821422635865,41.1668439421639,41.7370201096892,42.2787518697025,42.7946568057171,43.3020026591325,43.8167857736413,44.391764999169,45.029541299651,45.6809290344025,46.340310786106,47.0051603789264,47.676998504238,48.355085590826,49.0384493933854,49.7244889479807,50.4112680737909,51.100357320924,51.7921389396709
Netherlands,NLD,Population density (people per sq. km of land area),EN.POP.DNST,,344.748578199052,349.694579383886,354.442120853081,359.215639810427,364.180450236967,368.964780805687,373.169460900474,377.06519549763,381.456872037915,386.212263033175,390.832257109005,394.804295023697,398.084182464455,401.216113744076,404.808501184834,407.998726303318,410.43202014218,412.965047393365,415.825533175355,419.129146919431,422.014454976303,423.954087677725,425.564869668246,427.257434834123,429.254502369668,431.643305687204,434.390906398104,437.206575829384,439.837292654028,442.876481042654,446.380272511848,449.767950236967,452.913744075829,455.65278436019,457.90894549763,460.026599526066,462.40077014218,465.260930094787,468.367535545024,471.727280805687,475.30154028436,478.345053317536,480.607286729858,482.280183649289,483.408412322275,484.185456161137,485.23981042654,487.132494075829,490.079691669137,492.599881411207,495.049644128114,496.884994068802,498.795844464233,500.593885425942,503.116216216216,505.800831600832
Norway,NOR,Population density (people per sq. km of land area),EN.POP.DNST,,9.88325612467282,9.96297817349498,10.0385961165686,10.1147150945669,10.1936458915136,10.2753556526596,10.3616732923744,10.4491408483096,10.534620691921,10.611435095443,10.6861139402701,10.7681549868033,10.8437428130236,10.9112209919944,10.9716052830437,11.0231845013197,11.0698738377632,11.1122181336312,11.1501270383634,11.1860016865438,11.224556734676,11.2658578922583,11.3032164799422,11.3351595098071,11.3691559614942,11.4097808588231,11.4633094588823,11.5251393588943,11.5728143378125,11.6127109548685,11.6681779851278,11.7357191357011,11.8057818882719,11.8731943577444,11.9349914030073,11.9956412699456,12.060860684912,12.1328865087448,12.2162526968273,12.2957995203207,12.358179737381,12.4250062971603,12.4980971624448,12.5721709323083,12.6580888392417,12.760447810231,12.89317004523,13.0548674310872,13.2205484552792,13.3862623342204,13.5610386481366,13.7403297521657,13.9120886837683,14.0704449094514,14.2079384825517,14.3354243797401
Nepal,NPL,Population density (people per sq. km of land area),EN.POP.DNST,,72.1566153846154,73.5742377622378,75.0336923076923,76.5481958041958,78.1357412587413,79.7811888111888,81.4875244755245,83.2606013986014,85.0841678321678,86.9663636363636,88.8815454545455,90.8328601398601,92.8338391608392,94.8841608391608,96.9978671328671,99.1443986013986,101.392832167832,103.774090909091,106.227902097902,108.762972027972,111.345615384615,113.971937062937,116.707125874126,119.477216783217,122.221622377622,124.951916083916,127.625909090909,130.340286713287,133.271377622378,136.535475524476,140.115384615385,144.123825174825,148.113,151.870482517483,155.56251048951,159.034,162.373867132867,165.596902097902,168.707685314685,171.234802929892,174.026843390303,176.693275200558,179.203055458668,181.490449947681,183.533017091036,185.318625741193,186.874726194629,188.28069061737,189.557272410185,190.73562608999,191.59047087548,192.081723055459,192.465964422742,193.040599930241,194.095772584583,195.015430763865
Naoero,NRU,Population density (people per sq. km of land area),EN.POP.DNST,,238.7,248.95,261.3,275.75,291.6,302.15,306.75,316.4,329.05,335.5,338.1,340.6,343.3,346.15,349.35,353.2,358.15,364.9,373.4,382.45,391.95,402.0,410.8,418.85,427.55,437.1,447.3,458.25,469.5,481.1,492.5,501.05,505.1,506.85,508.25,509.15,509.85,509.9,509.35,508.4,506.5,504.1,502.95,503.0,502.45,501.7,501.0,500.45,500.8,502.15,504.9,513.35,525.85,537.1,547.7,557.5
New Zealand,NZL,Population density (people per sq. km of land area),EN.POP.DNST,,9.1895484410011,9.42615168432646,9.61528236679199,9.81884470775891,9.98215031711671,10.162546048384,10.3456002430595,10.4367475599104,10.5305533401694,10.6744901446964,10.835137290646,11.0284455584672,11.2464395579355,11.4834225817477,11.7090121909536,11.8130720443584,11.8499107515856,11.8537085564544,11.8073753370552,11.8221867760434,11.8677604344689,11.986251946375,12.1503171167065,12.2558960920588,12.3318521894345,12.3288139455395,12.4355322623524,12.4697125061714,12.5297178230982,12.6459306520831,13.2737077968934,13.412707455091,13.5665185522768,13.7480536250047,13.9508564049979,14.1734077703088,14.3606395503399,14.488625574418,14.5649614522806,14.6507918423151,14.7373817933235,14.9956325244009,15.2945197675743,15.5235274011621,15.6997455470738,15.8922942539212,16.0411682047776,16.1778891800539,16.340435228438,16.5231096426266,16.6495765447571,16.7411036420949,16.8702290076336,17.1527856898713,17.5056017621815,17.9032319319433
OECD members,OED,Population density (people per sq. km of land area),EN.POP.DNST,,23.3476605746732,23.6728435553065,23.997775765359,24.3244476163825,24.6420701658109,24.9472852267164,25.2466265036117,25.5400641524845,25.8350180587249,26.1266032660652,26.4710021347356,26.7803191024266,27.0799370222574,27.3723973742171,27.6559219431081,27.9225023293136,28.1882494064382,28.4557699643989,28.7267392633217,28.995750936543,29.2597562131087,29.5103580421154,29.7571695288774,29.9945767551435,30.231696066176,30.473249824748,30.7177111370772,30.9673339553931,31.2315706920854,31.5108983556868,31.815698857607,31.94773924522,32.1213996624248,32.3914238415488,32.6533480559316,32.9094933297706,33.1645526797401,33.4109225298924,33.65780894161,33.8635487003455,34.1139903565739,34.3667682117782,34.6176752187466,34.8679031541868,35.1147541586383,35.3714168348672,35.6243084290218,35.9206759845273,36.1807722579171,36.4252522859225,36.6211200858081,36.8486121142863,37.0639566204541,37.2914841818809,37.5235307803379,37.7507097877999
Oman,OMN,Population density (people per sq. km of land area),EN.POP.DNST,,1.74427786752827,1.77686914378029,1.81204200323102,1.85000646203554,1.89090791599354,1.93474636510501,1.98164135702746,2.03165751211632,2.08483037156704,2.14113085621971,2.20070759289176,2.26362843295638,2.33014216478191,2.41353150242326,2.51652342487884,2.63231340872375,2.76353473344103,2.90889822294023,3.06661066235864,3.23505008077544,3.4162197092084,3.61123747980614,3.81731502423263,4.03139256865913,4.28264943457189,4.56678190630049,4.84974474959612,5.13269143780291,5.41592245557351,5.69936672051696,5.98214216478191,6.26248142164782,6.53206785137318,6.72644264943457,6.85146365105008,6.9690662358643,7.07825525040388,7.180901453958,7.27918901453958,7.37360581583199,7.464352180937,7.5513408723748,7.63746688206785,7.77001938610662,7.94766397415186,8.12534733441034,8.30427786752827,8.48636187399031,8.67418093699515,8.90935702746365,9.94107592891761,11.4607625201939,12.3874410339257,12.9319515347334,13.5214701130856,14.1870016155089
Other small states,OSS,Population density (people per sq. km of land area),EN.POP.DNST,,23.7039434806001,24.1499686885347,24.6026089947697,25.0530178078446,25.4885250094816,25.8974836166065,26.2813180803867,26.67075773746,27.0826887287545,27.5224516436314,27.9963705160659,28.4923441262337,28.9882207149598,29.4568386886229,29.9478201046068,30.4887366926273,31.0674784127292,31.6469081030544,32.2361545992573,32.8321308554645,33.4177743281265,34.0090759148681,34.5883424327685,35.1703387812343,35.8052029953165,36.4789463471427,37.1745062931635,37.8924076311774,38.6566984485389,39.4670259400055,40.2686920627641,34.1879811550694,34.3648976012841,35.5737679285793,35.8091762292112,36.2027869621426,36.6821230946415,37.1682740894131,37.2148683743865,37.3282002585605,37.9896308838728,38.6549284763615,39.1637473733988,39.8063199993859,40.2238598592144,38.692760266873,39.1636312539235,39.6464078718776,40.1096653868053,40.5582215279501,40.9783139566717,41.4158602690223,41.6913810969513,42.1444543421746,42.6214772665297,43.0881692127593
Pakistan,PAK,Population density (people per sq. km of land area),EN.POP.DNST,,60.8671609070154,62.4690327936903,64.1445828144458,65.8987118617684,67.7265073682026,69.632974003736,71.6256330427563,73.6956556143628,75.8366269717725,78.0493967932752,80.2302550332088,82.4813122665006,84.9184205064342,87.4526346513076,90.1063395080946,92.9071372976339,95.8668366023246,98.9873637920299,102.476441210046,106.749442195932,111.304027864259,115.568241490245,119.639517175176,123.449740556247,127.424871575342,131.806200705687,136.377538657119,141.039771430054,145.725182907846,150.679192611042,155.744611353259,160.267289331673,164.772879047323,169.608866490245,174.58262375467,179.738859485264,184.894930469074,190.07154939809,195.316232098381,200.912109537152,206.609208955998,211.735353102947,216.778549190536,222.195413034454,227.601198630137,233.087756849315,239.328080894562,245.821804950187,252.148886986301,258.456630085098,264.303218399751,269.389691002491,273.809124636779,277.948120330012,281.873810450394,285.568271326276
Panama,PAN,Population density (people per sq. km of land area),EN.POP.DNST,,15.6022329835889,16.0788404627388,16.5741727199354,17.0845439870864,17.6060667204735,18.138122141512,18.6794188861985,19.2285041700296,19.7859295130482,20.3533763788001,20.9319478073715,21.5190072639225,22.1104385256928,22.7054882970137,23.303591606134,23.9028114070487,24.5028652138822,25.1050712940543,25.7136400322841,26.3321764864138,26.9628463814905,27.6065509819747,28.2634651600753,28.9316922249126,29.6060667204735,30.2841673392521,30.9654291094969,31.6498251277912,32.335485606672,33.0317863868711,33.7404492870595,34.4543449018025,35.1775490987355,35.9099542641916,36.6499461931665,37.3988027979553,38.158393866021,38.9280871670702,39.7070486951843,40.4946058649448,41.2905165456013,42.0950228679042,42.9083535108959,43.7335889157923,44.5658595641646,45.3998385794996,46.2401129943503,47.0896959913909,47.9470137207425,48.8099946193167,49.6839521119182,50.5684153887544,51.4572101156847,52.5108067997841,53.4273475445224,54.3589584457636
Peru,PER,Population density (people per sq. km of land area),EN.POP.DNST,,8.18368984375,8.425478125,8.67351484375,8.9281078125,9.18834765625,9.45413828125,9.7256359375,10.00311953125,10.28653671875,10.54784140625,10.81098984375,11.10167734375,11.39286484375,11.68480625,11.97965390625,12.27875703125,12.5857859375,12.90317109375,13.22901484375,13.56324140625,13.90531640625,14.25508046875,14.61402890625,14.980246875,15.350159375,15.7165015625,16.0799375,16.4489859375,16.82233515625,17.19903984375,17.56544921875,17.926828125,18.29201796875,18.65741640625,19.02259296875,19.38372734375,19.74542734375,20.10788671875,20.45820625,20.77994609375,21.06609453125,21.31891953125,21.5472578125,21.7595234375,21.954046875,22.12850859375,22.28960859375,22.43675078125,22.57563359375,22.72345234375,22.8938171875,23.0862234375,23.29524921875,23.5279890625,23.795,24.1144484375
Philippines,PHL,Population density (people per sq. km of land area),EN.POP.DNST,,96.5353081204318,99.6564608060082,102.845607858915,106.092107557165,109.385489170522,112.710956883256,116.077650372159,119.487500838195,122.915573660565,126.138952591699,129.144568497284,132.128210286327,135.110921101164,138.08089137798,141.264466579468,144.888781567562,148.800892108529,152.84998826173,156.981262367106,161.128684978368,165.38124895194,170.022829258477,175.049870879029,180.186407083208,185.172908072576,189.975775564275,195.048113492303,200.352322500587,205.470905859074,210.801442130328,215.924636952074,221.102475098098,226.483620082503,231.476308817118,236.597397457826,242.11101720495,247.874735888922,254.187289130362,260.768209410739,267.046976556998,273.003615387195,278.59573062347,284.172904718785,289.749149813865,295.187181809035,300.194472951672,305.447174430694,310.893433276319,316.545091726196,323.094627226079,329.505362712547,335.96777677164,342.342744072174,348.013314552101,353.197813327967,357.969342992253
Palau,PLW,Population density (people per sq. km of land area),EN.POP.DNST,,,,,,,,,,,,,,,,,,,,,,,,,,,,,,,,33.9434782608696,34.7586956521739,35.5913043478261,36.4565217391304,37.3804347826087,38.3782608695652,39.3652173913043,40.2695652173913,41.0891304347826,41.6913043478261,42.0695652173913,42.3978260869565,42.7369565217391,43.0869565217391,43.0847826086957,42.5934782608696,41.9608695652174,41.3239130434783,40.6717391304348,39.9913043478261,39.3,38.6195652173913,38.3652173913043,38.5108695652174,38.6304347826087,38.6891304347826
Papua New Guinea,PNG,Population density (people per sq. km of land area),EN.POP.DNST,,4.51823300799364,4.6237667270238,4.72856070308705,4.83223291966612,4.93711080687188,5.04741862827364,5.16171002075697,5.27934240162523,5.4032747427461,5.53289758424237,5.66713995495297,5.80407189860001,5.94141456520779,6.07841496268162,6.21565163626728,6.35367884114296,6.49279468268339,6.63276509296471,6.77326546835667,6.91496709799938,7.05961886675794,7.20816808726759,7.36128825685642,7.51931722828247,7.68214459214768,7.84965110630217,8.02133772026675,8.19652872852537,8.38245373846222,8.60416243430641,8.88097204434041,9.20085456874089,9.54129753124586,9.89314136819326,10.2554387669478,10.6288058119507,11.0141831912732,11.4083601996202,11.812332729762,12.2268780638608,12.6494612021375,13.0813121052864,13.5229364483505,13.9735039526565,14.4325067349733,14.9002340679239,15.3763745970057,15.8614185399461,16.354807225191,16.8562535883054,17.3549132182131,17.8452281058164,18.3339177670803,18.8213598021464,19.306730556905,19.7891577971117
Poland,POL,Population density (people per sq. km of land area),EN.POP.DNST,,97.828855006693,98.9536060596167,100.270985014202,101.666557837344,102.663978582389,103.434653433021,104.434212674263,105.438163178687,106.26628358745,106.645009631395,107.034183290346,107.922720297757,108.90724476803,109.957553299161,111.055532338633,112.169186065493,113.255574782069,114.158477260113,115.077922883542,116.145319794966,117.204567566685,118.288161546247,119.402553135917,120.487557543505,121.459678735839,122.289722158738,122.981635051748,123.492399360084,123.939825002449,124.427118090698,124.86921871429,125.252757190898,125.571869796598,125.837121682066,126.008025074276,126.103921120507,126.186489927846,126.23161383003,126.221133566228,124.909820758105,124.875366482745,124.81753893369,124.753689916405,124.644083178272,124.589315444129,124.514452206843,124.44685296422,124.471952334313,124.564460624265,124.209200731357,124.296296901022,124.300058781268,124.229110740995,124.144273163722,124.061569613639,124.008253045495
Pre-demographic dividend,PRE,Population density (people per sq. km of land area),EN.POP.DNST,,10.9290108220773,11.1925514763876,11.4680831219379,11.7549609030828,12.0530484776223,12.3610429070373,12.6794675712734,13.0109718163376,13.3571133462112,13.717533103824,14.0890411791317,14.4696598753893,14.8740741858712,15.3028316348868,15.7459614004108,16.2000506388334,16.6723469629504,17.1915674753975,17.7367175804202,18.2496485439979,18.7029638415101,19.1872700145919,19.7307428990455,20.2958168242238,20.877603542932,21.4602874361482,22.0528292257634,22.6428743479148,23.2564411459797,23.8658468316049,24.4668984098965,25.1617541025058,25.8113777986723,26.6822799709583,27.5318285146839,28.2776374163965,29.0283919138579,29.8545052687089,30.7209343880475,31.5930701067018,32.500408605911,33.4848534209553,34.5046229322599,35.4854589738684,36.5442092988227,37.6053433784956,38.6436566848805,39.7710440207418,40.9856817012846,42.2063155881595,43.4697162964743,39.2712253306506,40.458143517328,41.6514579259592,42.8344074722457,44.0407042545773
Puerto Rico (US),PRI,Population density (people per sq. km of land area),EN.POP.DNST,,270.543630214205,276.24825253664,282.359639233371,287.944306651635,292.446448703495,295.940811724915,298.272153325817,300.119954904171,302.6099210823,306.426155580609,311.408117249154,317.616234498309,324.553100338219,331.375310033822,337.542277339346,343.162795941375,348.217587373168,352.809582863585,357.168883878241,361.443066516347,365.563923337091,369.498647125141,373.296279594138,377.022547914318,380.721533258174,384.391657271702,388.032694475761,391.645772266065,395.225479143179,398.759864712514,401.59075535513,404.191206313416,407.609582863585,411.413416009019,415.231454340474,419.916009019166,423.836527621195,426.279706877114,428.419503945885,429.605975197294,430.52694475761,431.082412626832,431.352311161218,431.440586245772,430.818714768884,428.998196166855,426.493235625705,423.998421645998,421.69222096956,419.894588500564,416.399549041714,412.744644870349,409.405524239008,404.173280721533,398.55321307779,392.382412626832
"Korea, Dem. People's Rep.",PRK,Population density (people per sq. km of land area),EN.POP.DNST,,99.5823685740387,101.84272070426,104.368881322149,107.048999252554,109.786305124159,112.690756581679,115.923511336268,119.305672286355,122.644423220663,126.009260028237,129.328602275558,132.672278049996,135.789112199983,138.469570633668,140.943900008305,143.206129059048,145.276953741384,147.296694626692,149.351964122581,151.455742878498,153.652479029981,155.93685740387,158.242953243086,160.576721202558,162.946499460178,165.358815712981,167.805688896271,170.277892201644,172.779395399053,175.335412341168,177.963939872104,180.640403620962,183.318262602774,185.981023170833,188.267618968524,190.148210281538,191.934473880907,193.601561332115,195.1465742048,196.544390000831,197.785549372976,198.853691553858,200.069595548542,201.436284361764,202.611352877668,203.67500207624,204.687177144755,205.669113860975,206.613503861805,207.518129723445,208.436790964206,209.382343659165,210.360028236857,211.371663483099,212.402209118844,213.423519641226
Portugal,PRT,Population density (people per sq. km of land area),EN.POP.DNST,,97.5881530054645,98.2949180327869,98.6924043715847,98.7471584699454,98.3453005464481,97.6064480874317,96.9892896174863,96.5754098360656,95.7126229508197,94.8680983606557,94.4672786885246,94.3216393442623,94.3508196721312,95.6761202185792,99.3821857923497,102.249289617486,103.340710382514,104.46174863388,105.587595628415,106.735650273224,107.665158469945,108.325366120219,108.82912568306,109.24843715847,109.547683060109,109.647366120219,109.617825136612,109.50393442623,109.344262295082,109.106207650273,108.855027322404,108.770426229508,108.903551912568,109.196994535519,109.575693989071,109.988469945355,110.48062295082,111.040393442623,111.67025136612,112.457901639344,113.253792349727,113.87574863388,114.304054644809,114.577715846995,114.828140373893,115.035399584563,115.261440909588,115.427757734776,115.386472322306,115.439458456163,115.269789278305,114.803406485424,114.156128691384,113.541770372117,113.072519583956,112.716384151187
Paraguay,PRY,Population density (people per sq. km of land area),EN.POP.DNST,,4.85123080795369,4.96634784797382,5.08912408759124,5.21801912912157,5.34904857790083,5.48095645607853,5.61287188522527,5.74475459350617,5.87715076768185,6.01064183236849,6.14784042285427,6.29217467908382,6.44626730430405,6.60866096149006,6.77485023911402,6.94396174175686,7.11772967530833,7.29743015353637,7.48544676566826,7.68496098665995,7.89731688900075,8.12028441983388,8.35154291467405,8.59032469166876,8.83632267807702,9.09004278882457,9.35033727661717,9.61627485527309,9.88623710042789,10.1579335514724,10.4313214195822,10.7062673043041,10.9808608104707,11.2545104455072,11.5273244399698,11.7984973571608,12.0674855273093,12.3333123584193,12.5928391643594,12.8388321167883,13.0573596778253,13.242708280896,13.4065844450038,13.5619808708784,13.7128039265039,13.8564007047571,13.9929171910395,14.1293078278379,14.2744424867858,14.4424137931034,14.6353536370501,14.842708280896,15.0577523282155,15.2776516486282,15.5023986911654,15.7289856531588
West Bank and Gaza,PSE,Population density (people per sq. km of land area),EN.POP.DNST,,,,,,,,,,,,,,,,,,,,,,,,,,,,,,,328.612624584718,343.66196013289,359.40049833887,375.859800664452,393.072757475083,411.074086378738,429.899833887043,449.587707641196,461.223920265781,473.161295681063,485.407475083056,497.970764119601,510.859302325581,524.08122923588,537.645514950166,551.560797342193,565.836212624585,580.481063122924,596.673920265781,612.807142857143,628.930398671096,645.014285714286,661.129235880399,677.194019933555,693.255481727575,709.317607973422,725.429900332226
Pacific island small states,PSS,Population density (people per sq. km of land area),EN.POP.DNST,,14.9259306395164,15.358415526567,15.8053452115813,16.2596404708877,16.7219217308304,17.1760897231944,17.5928889595927,17.9899936366529,18.395275214763,18.7963251670379,19.1835666560611,19.5624403436207,19.9358733693923,20.3245307031499,20.7382755329303,21.1796213808463,21.6452274896596,22.1251034043907,22.6254215717467,23.1383391664015,23.6646675151129,24.2007795100223,24.7420299077315,25.2952274896596,25.8615017499205,26.4163697104677,26.9206808781419,27.3815781100859,27.8221444479796,28.2470092268533,28.061230529595,28.4640965732087,28.8652336448598,29.252445482866,29.6227725856698,30.0053271028037,30.4461370716511,30.9168068535826,31.3752180685358,31.8111214953271,32.2289252336449,32.6366510903427,33.0310280373832,33.4190809968847,33.8010747663551,34.1785825545171,34.5518691588785,34.902476635514,35.2407476635514,35.6604205607477,36.1510747663551,36.6343302180685,37.1173052959502,37.6065109034268,38.0995171339564,38.5949221183801
Post-demographic dividend,PST,Population density (people per sq. km of land area),EN.POP.DNST,,25.2941963354798,25.5994400974488,25.8987462633166,26.1961079160036,26.4841433758997,26.7542087916823,27.0124307025741,27.2633055660251,27.5146031734419,27.7643261291537,28.0737432471833,28.3368589631458,28.584792356132,28.8238075804079,29.0500713989915,29.2535824015719,29.4538780179065,29.6553445180275,29.8660554604576,30.0693459120053,30.2710077974458,30.4541002236778,30.6262998430833,30.7883137514309,30.9488800487188,31.1168746774611,31.2904891108864,31.4711798654475,31.6659075679651,31.8706421325603,32.0993444281407,31.3177117969753,31.442024833217,31.6218951699997,31.791448371337,31.9671206230659,32.1353999545848,32.2947223982536,32.4513976571555,32.5778930378762,32.7362431589077,32.9044805391855,33.0700866441757,33.2421987934101,33.4098355655734,33.5931517819595,33.7934923154577,34.0157543089276,34.190839694404,34.3517461686716,34.455496268116,34.6060929359849,34.7434498015019,34.889714259728,35.0454918206267,35.1962412344563
French Polynesia,PYF,Population density (people per sq. km of land area),EN.POP.DNST,,23.3426229508197,23.8418032786885,24.518306010929,25.3614754098361,26.2341530054645,27.1366120218579,28.0748633879781,29.0581967213115,30.0849726775956,31.1502732240437,32.2254098360656,33.3021857923497,34.398087431694,35.5081967213115,36.6243169398907,37.7360655737705,38.8833333333333,40.1150273224044,41.4122950819672,42.7516393442623,44.1273224043716,45.531693989071,46.9262295081967,48.2155737704918,49.4502732240437,50.7292349726776,52.0352459016393,53.3314207650273,54.5472677595628,55.6765027322404,56.7606557377049,57.8030054644809,58.8030054644809,59.7644808743169,60.6879781420765,61.6090163934426,62.6013661202186,63.6314207650273,64.6434426229508,69.241428983002,70.3246902909824,71.3843272832037,72.4969749351772,73.6542783059637,74.7643330452319,75.8349178910977,76.7611639297033,77.320368769807,77.637856525497,77.9544799769519,78.2849322961683,78.675885911841,79.1495246326707,79.6274848746759,80.0535868625756,80.431575914722
Qatar,QAT,Population density (people per sq. km of land area),EN.POP.DNST,,3.41774332472007,3.84409991386736,4.33936261843239,4.89810508182601,5.51808785529716,6.21808785529716,7.014556416882,7.90258397932817,8.87381567614126,10.021533161068,11.3131782945736,12.6189491817399,13.9397932816537,15.2766580534022,16.6310938845823,18.0062015503876,19.4043927648579,20.8275624461671,22.2799310938846,23.7651162790698,25.284496124031,26.8335055986219,28.3987080103359,29.9636520241171,31.5193798449612,32.9390180878553,34.1950904392765,35.4232558139535,36.662015503876,37.9134366925065,39.1776916451335,40.4527993109388,41.7351421188631,43.0197243755383,44.3001722652885,45.5658053402239,47.4160206718346,50.0034453057709,52.7562446167097,55.5546080964686,58.3914728682171,61.2579672695952,64.1414298018949,66.6091300602929,71.0945736434109,83.7925064599483,104.099483204134,122.905943152455,138.579069767442,139.262015503876,139.94496124031,148.358139534884,165.066838931955,187.271105308964,204.051958224543,215.588598781549
Romania,ROU,Population density (people per sq. km of land area),EN.POP.DNST,,80.555917339585,81.0825301727881,81.6091430059911,82.1356516453938,82.623843014674,83.4221151341495,84.8061213857775,85.9591516888079,86.867851871147,87.9152470261353,88.8320178866024,89.6846270730225,90.4561995311279,91.2973387166797,92.4441390987236,93.56444386559,94.4520969002344,95.3002691673179,95.9038291221672,96.4108795693323,97.0438048102804,97.5763697143353,97.9442476339324,98.2918598593384,98.6932317443779,99.1440522705566,99.6328470955978,100.102726404446,100.987390451275,101.163440156965,100.240368691711,99.3388128649874,99.2036956332258,99.0379983442987,98.8464421107674,98.5491634715929,98.2615692937742,98.0327714621717,97.8747386759582,97.701323407775,96.3474380740934,94.5338495671466,93.8218134377039,93.2684695652174,92.7023436820593,92.1547960692234,90.8390186610988,89.3339495432797,88.5311962096844,88.0107411432297,87.5332493374462,87.201265107382,86.8742903099596,86.5306806328234,86.1248956884562,85.6322453059805
Russian Federation,RUS,Population density (people per sq. km of land area),EN.POP.DNST,,,,,,,,,,,,,,,,,,,,,,,,,,,,,,,,,9.06276083819658,9.0599991578269,9.05957648127472,9.05924682416698,9.04631156749681,9.03098613133561,9.01459493446796,8.9828041719473,8.94901570933758,8.91163375342787,8.87046146313948,8.83027865243716,8.79465803239439,8.76108889416588,8.73439418381291,8.71946397976766,8.71609568861449,8.71872024385612,8.72263552192818,8.73293828429975,8.75493589434367,8.78102091547408,8.80737424184231,8.8320122221157,8.85489473873823
Rwanda,RWA,Population density (people per sq. km of land area),EN.POP.DNST,,125.933481961897,129.145723550872,132.099310903932,135.177705715444,138.76003242805,142.749331171463,147.125131738954,151.763680583705,156.516862586137,161.356668017835,166.195541143089,171.071544385894,176.126753141467,181.363113092825,186.774543980543,192.377543575193,198.145115524929,204.100972841508,210.358370490474,216.994689906769,224.046615322254,231.517997567896,239.372152411836,247.573044183218,256.069233887313,264.77020672882,273.59112282124,282.451195784353,291.232509120389,298.958532630726,305.106039724362,311.441670044589,323.515687069315,275.328415079043,230.000729631131,271.940170247264,314.359059586542,327.591447101743,330.276124847994,332.952209160924,335.917875962708,340.501824077827,348.069517632752,357.391325496555,367.025861370085,376.945520875557,387.107134171058,397.416659910823,407.800243210377,418.222659100122,428.606931495744,438.990717470612,449.669233887313,460.671139035266,471.829023104986,483.144831779489
South Asia,SAS,Population density (people per sq. km of land area),EN.POP.DNST,,155.066291965092,158.864055316703,162.722312224363,166.670414079705,170.584767168252,174.423360139305,178.367740405287,182.406120748144,186.458882098917,190.721237164763,194.893693947099,199.155147667243,203.808626280619,208.64957645691,213.668844695305,218.771540299986,223.998703849983,229.233548951117,234.630143741547,240.270390302057,246.011823867813,251.884960279706,257.87197702805,263.966016138409,270.142104226552,276.406580210977,282.710325071445,289.039711056875,295.453974606782,301.927574116689,308.41164085739,314.971775216003,321.58119009217,328.829386683865,335.46089299737,342.173926077207,348.930002955956,355.731697704207,362.556636121785,369.362022618166,376.217803147914,382.915998710263,389.41334579283,396.061871291822,402.315400660187,408.379305503822,414.28225328772,419.986744874377,425.75854200787,431.612115524143,437.408578434374,443.137785083324,448.546924775609,453.976476752004,459.325034807082,464.622057592857
Saudi Arabia,SAU,Population density (people per sq. km of land area),EN.POP.DNST,,1.17521456582112,1.21920369913802,1.26499216166052,1.31273253352809,1.36241551107369,1.41410482441654,1.46869641669264,1.52706250668701,1.58958454474831,1.65720173606427,1.73235722359968,1.81687685201122,1.91020286645982,2.01128162665315,2.11950885941694,2.23657038921891,2.3645493071094,2.50357121259344,2.65326535453949,2.81342751745601,2.98673343598379,3.17463727328126,3.37394740637022,3.58065907177314,3.79207188013155,4.01389921337495,4.24721424949644,4.47932725183631,4.711560271481,4.94987230716987,5.19179230493699,5.43644711563063,5.68261563295173,5.93110634556611,6.18193553489108,6.43395512841386,6.68698416981053,6.94155203773567,7.19735171117696,7.52560694797855,7.92737417953286,8.33185715149626,8.73929124664486,9.1499146388549,9.56411854732543,9.9824365373612,10.4053668203322,10.8331326842475,11.2656494657369,11.1543929589848,11.6723187994548,12.1733184784783,12.8502267768841,13.1690025073383,13.8700845238151,14.399377584675
Sudan,SDN,Population density (people per sq. km of land area),EN.POP.DNST,,,,,,,,,,,,,,,,,,,,,,,,,,,,,,,,,,,,,,,,,,,,,,,,,,,,,19.7661552462527,20.2279705567452,20.7833608137045,21.4263549250535,22.0877366167024
Senegal,SEN,Population density (people per sq. km of land area),EN.POP.DNST,,17.848517114216,18.3591440295019,18.8847244585259,19.4283228587753,19.9957824754584,20.5905521217473,21.2116033864852,21.8541889575651,22.5158364930141,23.1980886095673,23.9020620163091,24.6280112190308,25.3736093076404,26.122874357243,26.8571651171246,27.5726588064198,28.2529943385446,28.9206669090531,29.6208123409339,30.3622188749805,31.1492234976367,31.979229211032,32.8494468394536,33.7576689347115,34.7129642133693,35.725299953254,36.7814366592219,37.8622448449592,38.9664312055264,40.1003635797019,41.2563496597933,42.4266088401807,43.610284111567,44.793424401392,45.9569989092609,47.0940320988937,48.2184334908845,49.3582922142004,50.5421856334078,51.775099984418,53.0459772502987,54.3614709395938,55.6857424816912,57.0077598296369,58.3569937152652,59.7314392562198,61.1351166052044,62.5822417285618,64.0803459201163,65.6282813068093,67.3084558250662,69.1346543395834,71.2140913104451,73.5059575131148,75.7976990598868,78.0892380408248
Singapore,SGP,Population density (people per sq. km of land area),EN.POP.DNST,,2540.89552238806,2612.23880597015,2679.10447761194,2748.65671641791,2816.26865671642,2887.16417910448,2951.64179104478,3002.98507462687,3048.50746268657,3096.27910447761,3153.58208955224,3212.53731343284,3273.13432835821,3328.05970149254,3377.01492537313,3422.83582089552,3470.59701492537,3512.83582089552,3557.46268656716,3602.90298507463,3780.35074626866,3949.94925373134,4001.58358208955,4077.94179104478,4083.51791044776,4079.66119402985,4141.47611940299,4247.9223880597,4374.47910447761,4547.95820895522,4679.22835820895,4821.93731343284,4945.47910447761,5103.05671641791,5260.45671641791,5478.66268656716,5665.72835820895,5861.51194029851,5908.54179104478,6011.77164179105,6176.13731343284,6186.59259259259,5989.55749636099,6047.40783744557,6191.23657474601,6342.02449567723,6602.30071942446,6913.42285714286,7125.10428571429,7231.81196581197,7363.19318181818,7524.69830028329,7636.72135785007,7714.7023977433,7806.77291960508,7908.72073342736
Solomon Islands,SLB,Population density (people per sq. km of land area),EN.POP.DNST,,5.10582350839586,5.2233297606288,5.3443729903537,5.46927474097892,5.59792783136835,5.73036798856735,5.86798856734548,6.01221864951768,6.1620578778135,6.30864594498035,6.4536262951054,6.60928903179707,6.78006430868167,6.96823865666309,7.1719899964273,7.40242943908539,7.66052161486245,7.932440157199,8.21554126473741,8.50785994998214,8.80868167202572,9.11754197927831,9.43436941764916,9.75930689531976,10.0912826009289,10.4266523758485,10.7686316541622,11.120578778135,11.4784565916399,11.8411932833155,12.2092890317971,12.5832440157199,12.9631654162201,13.3503036798857,13.7453733476242,14.148231511254,14.5578420864595,14.9721686316542,15.3804930332262,15.7366559485531,16.0459092533048,16.3512325830654,16.6543051089675,16.9564487316899,17.2590210789568,17.5632011432655,17.8690961057521,18.1775634155055,18.5116470167917,19.0413719185423,19.7550911039657,20.4932475884244,21.2556270096463,22.0403001071811,22.8444087173991,23.6648445873526
Sierra Leone,SLE,Population density (people per sq. km of land area),EN.POP.DNST,,31.9233444167359,32.4500138542533,33.0044056525353,33.5881130507066,34.2015239678581,34.8384316985315,35.4999168744805,36.180825713494,36.8712247159878,37.5766971460238,38.2823773898587,38.9912441119424,39.7195206428374,40.460778609033,41.2116514269881,41.9620393460792,42.7452756996398,43.5787891382654,44.4375034635633,45.3323496813522,46.2585203657523,47.2178304239401,48.2356054308673,49.3039346079246,50.4078415073428,51.6539207536714,53.0578830701025,54.5097949570518,55.888570241064,58.1439179828207,58.8288584095317,57.7218897201441,57.593931837074,57.8152535328346,57.89940426711,58.1769188140759,58.9320587420338,59.5148933222499,59.8232612912164,61.2858270989194,65.0140759213078,68.8755195344971,71.7329869770019,74.199459684123,76.2221113881962,77.9227763923524,79.65297866445,81.6669714602383,83.8964533111665,86.2110556940981,88.4905929620393,90.7603214186755,93.0181629260183,95.2671792740371,97.5014546965918,99.8244389027431
El Salvador,SLV,Population density (people per sq. km of land area),EN.POP.DNST,,137.650647482014,141.448633093525,145.260383693046,149.250983213429,153.451606714628,157.839856115108,162.358944844125,166.943549160671,171.534052757794,175.961438848921,180.216930455635,184.500239808153,188.876163069544,193.269592326139,197.62345323741,203.20028957529,207.589575289575,212.071138996139,216.234942084942,219.130405405405,220.588754826255,223.092519305019,227.189527027027,231.563851351351,236.230984555985,240.963754826255,245.77417953668,250.764140926641,255.74222972973,260.604536679537,265.206418918919,269.575723938224,273.163947876448,275.778426640927,278.095125482625,280.177895752896,282.074227799228,283.821476833977,285.419884169884,286.841988416988,288.033783783784,288.930067567568,289.507673745174,289.800723938224,289.844498069498,289.68721042471,290.049420849421,290.989237451737,291.905357142857,292.86916023166,293.925048262548,295.076013513513,296.276013513514,297.439913127413,298.439961389961,299.266409266409
San Marino,SMR,Population density (people per sq. km of land area),EN.POP.DNST,,263.316666666667,269.716666666667,276.333333333333,282.95,288.416666666667,292.05,294.8,297.683333333333,300.433333333333,302.8,306.983333333333,313.116666666667,316.533333333333,317.166666666667,317.433333333333,318.5,333.616666666667,350.433333333333,355.333333333333,359.75,364.0,367.583333333333,370.483333333333,372.433333333333,374.75,377.266666666667,378.1,380.716666666667,385.9,391.25,396.616666666667,402.083333333333,407.866666666667,413.716666666667,419.3,424.7,430.0,435.416666666667,440.983333333333,446.65,452.383333333333,458.183333333333,464.05,490.95,497.266666666667,503.066666666667,520.183333333333,527.7,551.1,554.5,543.666666666667,557.816666666667,550.683333333333,544.25,548.283333333333,551.683333333333
"Somalia, Fed. Rep.",SOM,Population density (people per sq. km of land area),EN.POP.DNST,,4.70566837759429,4.83006184843944,4.95801479261644,5.08941881595307,5.22503586571875,5.36408646029266,5.50664233111232,5.65337775369018,5.80389422004017,5.95920553447891,6.11740204673702,6.27958682692001,6.44880288200976,6.61816877610227,6.78664679440176,6.95924379124558,7.14771894028756,7.6750916568368,8.686066566774,9.46241910287882,9.53685242452259,9.57031274906749,9.88049542512832,10.2470574170306,10.6693164791022,11.1180348774189,11.5221442917716,11.5333949692352,11.3412455765614,11.2902269901489,10.8613511014761,10.3534080402971,10.6503634392833,11.2009388848153,11.6125338731788,12.0420728791405,12.4725427997577,12.9999952179042,13.5366133197309,14.089190869385,14.6626916823413,15.2231054930341,15.7955128000765,16.3882392323142,16.9672394554787,17.4953007938279,18.0485574010903,18.5913284662225,19.0665364873912,19.5456307584404,19.6844294959671,19.8634871042816,20.5145439474607,21.2635747760385,22.0087400771511,22.8723499218924
Serbia,SRB,Population density (people per sq. km of land area),EN.POP.DNST,,,,,,,,,,,,,,,,,,,,,,,,,,,,,,,,,,,,,,,,,,,,,,,84.742385090327,84.3994854790761,84.0409558655385,83.7046306883147,83.3688085982163,82.740898696547,82.3404642122113,81.9409215641436,81.5434141321747,81.1271781385776,80.7034301394923
Sub-Saharan Africa (excluding high income),SSA,Population density (people per sq. km of land area),EN.POP.DNST,,11.5784629664137,11.8656255823088,12.1638849652478,12.4743328333018,12.7969744990884,13.1293364178291,13.4735111153612,13.8324768351258,14.2059393474845,14.5934438030079,14.9916314854709,15.3989390951103,15.8292638931526,16.2823946637223,16.7485366757215,17.2277370761598,17.714048871369,18.2370587565568,18.7938897109429,19.3529213183501,19.9408793406492,20.5655781541655,21.1840667676568,21.7998332268368,22.4404765339067,23.0980755594446,23.7758163123796,24.461191053733,25.1567761081207,25.8670431889762,26.5769682627016,27.3040797905415,26.6080167578342,27.3250240773345,28.0593427849278,28.8212804325761,29.588640158946,30.3854603642373,31.2058970484862,32.0460370122195,32.9144774774703,33.8117140910631,34.7364856559253,35.4451994558637,36.4266922328933,37.4362167612066,38.4785198815047,39.5584279818902,40.666469430153,41.8026414849292,42.9641022484483,39.5318926005887,40.6295238121207,41.7463090048594,42.8825385577474,44.0301676138037
South Sudan,SSD,Population density (people per sq. km of land area),EN.POP.DNST,,,,,,,,,,,,,,,,,,,,,,,,,,,,,,,,,,,,,,,,,,,,,,,,,,,,,17.0212523539,17.6701137784248,17.7789834317092,17.5772015887836,17.1381355529885
Sub-Saharan Africa,SSF,Population density (people per sq. km of land area),EN.POP.DNST,,11.5803279458499,11.8675412491744,12.1658501227658,12.4763477988963,12.7990405830519,13.1314544408024,13.4756814529985,13.8346996957628,14.2082147972282,14.5957717197558,14.9940046743015,15.4013692139656,15.8317270314352,16.2848993865236,16.7510980794762,17.2303477127132,17.716712053902,18.2397280668484,18.7965729165834,19.3556203054846,19.9436033292502,20.5683066431034,21.1867772577007,21.8025486198356,22.4432034611443,23.100807725133,23.7786743564214,24.464046154814,25.1596357786698,25.8699035187549,26.579858653191,27.3069696611153,26.6108420583191,27.3279257464824,28.0622802904009,28.8242538353538,29.5916394081725,30.3885142456066,31.2090067924459,32.0491625054122,32.9175875063926,33.8149233729561,34.7396305637423,35.4482929714408,36.4297825401275,37.4393667992787,38.4816677407068,39.5616425246272,40.6696761279706,41.8059392106961,42.967266081547,39.5348275372744,40.6325065160186,41.7493292302074,42.8856228719352,44.0332822288675
Small states,SST,Population density (people per sq. km of land area),EN.POP.DNST,,12.9742404503377,13.2420143881714,13.5164298835151,13.788508480724,14.0540341714092,14.3098416793659,14.5533557661021,14.7964861829953,15.0464848713967,15.2983568568726,15.5542195900339,15.8061293611762,16.0463924273107,16.2766975170646,16.5120706966656,16.7693605354744,17.0407982277943,17.3128243848027,17.5887779987321,17.8718737848159,18.1511026487702,18.4320346505423,18.7097391189584,18.9895376331043,19.291373762444,19.6066475329111,19.9199115426257,20.2343090399664,20.5609859865908,20.89666108114,21.1903882396515,20.1338702016328,20.2732416413857,20.6497423313909,20.8119814175518,21.0341213013706,21.2913547071978,21.5529139368927,21.6540011022299,21.7763587407941,22.0951703045544,22.4156619874063,22.6790406564129,22.9474936600401,23.0888082733534,22.8969574840419,23.139797458615,23.3853399685667,23.6168770741806,23.8561525796908,24.0920849210761,24.3340222188766,24.5433988583401,24.7939970826117,25.0522020897752,25.30673344668
Sao Tome and Principe,STP,Population density (people per sq. km of land area),EN.POP.DNST,,71.5697916666667,72.2947916666667,73.0333333333333,73.8177083333333,74.6666666666667,75.6,76.6625,77.8802083333333,79.253125,80.8604166666667,82.6354166666667,84.4177083333333,86.2479166666667,88.2,90.3208333333333,92.6270833333333,95.1052083333333,97.7020833333333,100.2625,102.65,104.807291666667,106.779166666667,108.729166666667,110.827083333333,113.185416666667,115.78125,118.665625,121.811458333333,124.978125,128.104166666667,130.934375,133.447916666667,135.903125,138.2625,140.515625,142.66875,144.710416666667,146.615625,148.377083333333,150.01875,152.473958333333,156.16875,160.222916666667,164.276041666667,168.373958333333,172.539583333333,176.770833333333,181.034375,185.263541666667,189.377083333333,193.384375,197.332291666667,201.195833333333,204.965625,208.636458333333,212.176041666667
Suriname,SUR,Population density (people per sq. km of land area),EN.POP.DNST,,1.69955181564288,1.76883825009917,1.85059138317492,1.92539780512588,1.99367494164295,2.06304859937794,2.13497042289771,2.20934072845518,2.28591030668266,2.36401252252152,2.44182814758752,2.47597606119735,2.46575224688723,2.45269367601947,2.43708070913273,2.41913140442375,2.39905758985509,2.37684680495834,2.35254889160707,2.33868662052846,2.33919749973226,2.34602583640738,2.35967627952344,2.38115189678545,2.41092618599205,2.44430778079619,2.47284848363265,2.50596840860069,2.54448371637955,2.56992799282227,2.58562818298771,2.60167726626794,2.61266116914955,2.63149516711388,2.67654599056082,2.73401367075368,2.79156234399104,2.84974650111605,2.908996028288,2.96959751627976,3.03138274876811,3.09362901858672,3.15507781842867,3.20186064698116,3.23544160927946,3.27085426043039,3.30835404003586,3.34716216882178,3.3865559396218,3.42614907791599,3.46568614410245,3.50533535450438,3.54512786029273,3.58470853811854,3.62367242275927,3.66186375836012
Slovak Republic,SVK,Population density (people per sq. km of land area),EN.POP.DNST,,,,,,,,,,,,,,,,,,,,,,,,,,,,,,,,,,110.713201663202,111.150332640333,111.476070686071,111.712286902287,111.918731808732,112.06893970894,112.183367983368,112.031600831601,111.826756756757,111.786112266112,111.689336936188,111.689812889813,111.700769230769,111.705904365904,111.738503118503,111.834365904366,112.006778956124,112.108876920838,112.260522375645,112.451734320413,112.572637664282,112.700686356073,112.803148787488,112.953369384359
Slovenia,SVN,Population density (people per sq. km of land area),EN.POP.DNST,,,,,,,,,,,,,,,,,,,,,,,,,,,,,,,,,99.1309831181728,98.8950347567031,98.780685203575,98.8019860973188,98.7402184707051,98.6075471698113,98.3927010923535,98.4630089374379,98.7549652432969,98.9106256206554,99.0332671300894,99.0929990069513,99.156504468719,99.3284011916584,99.6458788480636,100.204667328699,100.332370372576,101.245371243634,101.685826607499,101.898292465005,102.114049151928,102.281678252234,102.382323733863,102.446109241111,102.52417833383
Sweden,SWE,Population density (people per sq. km of land area),EN.POP.DNST,,18.4612450001804,18.5633465139784,18.6682712242386,18.8082673994212,18.9862490692658,19.1677781468391,19.3154043173302,19.4242618630102,19.5612458103151,19.7447020263431,19.8810329560315,19.9398683703062,19.9742671779844,20.0323096422961,20.1120514401125,20.185329345507,20.2571465536013,20.3162102785464,20.3605933818874,20.4019667123043,20.4264475080627,20.4381330864632,20.4473882609527,20.465977168442,20.4998088818743,20.5475405417149,20.6162178643525,20.7111877383913,20.8498312342254,21.0115414726333,21.1552544473323,21.2797009473911,21.4036613666677,21.556320191722,21.669724311183,21.7042385016732,21.7166703859211,21.7287291172454,21.7456682960193,21.7806145583158,21.8391676529442,21.9103563929565,21.9920351490414,22.0786999155742,22.1671788927031,22.2922170365422,22.4581399750626,22.6337796193202,22.8274214371936,23.0228627359425,23.1973780115221,23.3696200002111,23.5684835040631,23.8034986523533,24.0582617728817,24.362449750883
Eswatini,SWZ,Population density (people per sq. km of land area),EN.POP.DNST,,20.5386046511628,21.0095930232558,21.4976162790698,22.0148837209302,22.5776744186047,23.1840697674419,23.7808720930233,24.369011627907,24.9927325581395,25.6520930232558,26.3478488372093,27.0806976744186,27.8510465116279,28.6620930232558,29.5158720930233,30.4261627906977,31.4155813953488,32.4677906976744,33.5580813953488,34.6886046511628,35.8609302325581,37.0727906976744,38.3114534883721,39.5804069767442,41.0579069767442,42.716976744186,44.4076162790698,46.4998837209302,48.7093023255814,50.7225581395349,52.8016860465116,54.8497674418605,56.471976744186,56.4658139534884,56.420523255814,57.5488953488372,58.5252906976744,59.2821511627907,59.9291860465116,60.5473255813953,61.1083720930233,61.5954069767442,62.0174418604651,62.3929651162791,62.7338372093023,63.0486046511628,63.4130813953488,63.8425,64.2530813953488,64.6308139534884,64.9902906976744,65.3408720930233,65.6970930232558,66.0638953488372,66.4426162790698,66.8318023255814
Sint Maarten (Dutch part),SXM,Population density (people per sq. km of land area),EN.POP.DNST,,,,,,,,,,,,,,,,,,,,,,,,,,,,,,,,,,,,,,,,,,,,,,,,,,,,1007.85294117647,1030.08823529412,1054.52941176471,1078.58823529412,1102.08823529412,1124.97058823529
Seychelles,SYC,Population density (people per sq. km of land area),EN.POP.DNST,,93.2369565217391,95.7434782608696,98.2086956521739,100.7,103.260869565217,105.867391304348,108.502173913043,111.160869565217,113.836956521739,116.521739130435,118.902173913043,121.802173913043,123.678260869565,125.95,128.895652173913,131.530434782609,134.317391304348,135.108695652174,136.273913043478,137.523913043478,139.20652173913,140.028260869565,139.858695652174,140.689130434783,141.834782608696,142.721739130435,148.910869565217,149.467391304348,150.363043478261,151.102173913043,153.128260869565,153.832608695652,157.071739130435,161.315217391304,163.704347826087,166.123913043478,168.084782608696,171.404347826087,174.804347826087,176.371739130435,176.526086956522,182.00652173913,179.958695652174,179.29347826087,180.126086956522,183.913043478261,184.854347826087,189.034782608696,189.778260869565,195.152173913043,190.089130434783,191.963043478261,195.541304347826,198.60652173913,203.084782608696,205.819565217391
Syrian Arab Republic,SYR,Population density (people per sq. km of land area),EN.POP.DNST,,26.2023397540538,26.9851996952878,27.8075253019915,28.6706224834041,29.5748558058548,30.5204429208837,31.5061377734247,32.532060071825,33.6008597235825,34.7187343562956,35.9021329850909,37.1423658722385,38.4172434432474,39.7331592121014,41.1054739362281,42.5362933942758,44.0227500272064,45.5585972358254,47.1319458047666,48.7412286429427,50.3873598868212,52.0867939928175,53.8949232778322,55.818903036239,57.8173468277288,59.8696484927631,61.9704157144412,64.1106975731853,66.269779083687,68.447099793231,70.6323919904233,72.8347535096311,75.0663075416259,77.3129992382196,79.5342311459354,81.7178365436936,83.8912939384046,86.0834312765263,88.3015616497987,90.5315485907063,92.7812493198389,95.0502339754054,97.4415599978212,99.8903687966443,102.490009260772,106.937983989544,113.723181224134,117.820540187323,119.674194075365,122.433267984534,124.58801938681,123.943598540543,117.99225072156,110.404939280074,105.781288460491,104.524500353973
Turks and Caicos Islands,TCA,Population density (people per sq. km of land area),EN.POP.DNST,,5.91789473684211,5.93263157894737,5.94421052631579,5.95473684210526,5.95578947368421,5.95157894736842,5.95473684210526,5.95368421052632,5.94947368421053,5.96526315789474,6.05684210526316,6.22631578947368,6.41052631578947,6.60315789473684,6.80315789473684,7.01052631578947,7.22526315789474,7.45578947368421,7.69052631578947,7.96210526315789,8.32421052631579,8.73368421052632,9.15473684210526,9.58631578947368,10.0221052631579,10.4642105263158,10.9063157894737,11.3421052631579,11.7821052631579,12.3031578947368,12.9526315789474,13.6526315789474,14.3663157894737,15.0989473684211,15.8442105263158,16.5947368421053,17.3494736842105,18.1178947368421,18.9042105263158,19.7157894736842,20.6063157894737,21.6810526315789,22.8705263157895,24.0589473684211,25.2505263157895,26.4452631578947,27.6526315789474,28.8705263157895,30.0926315789474,31.3042105263158,32.4694736842105,33.8178947368421,35.4242105263158,36.8947368421053,38.5315789473684,40.3315789473684
Chad,TCD,Population density (people per sq. km of land area),EN.POP.DNST,,2.46979920634921,2.52031587301587,2.57214682539683,2.62498333333333,2.67795238095238,2.7308753968254,2.78453333333333,2.83986587301587,2.89770873015873,2.95859365079365,3.02167936507937,3.08988253968254,3.16341984126984,3.23781835503334,3.30942979669632,3.37618885006353,3.44001508894536,3.5033084498094,3.57797331639136,3.58596966327827,3.59034228081321,3.76309005717916,3.95420108005083,4.00662722363405,4.04722760482846,4.17016280177891,4.31886038754765,4.4676000635324,4.62165343074968,4.75129685514612,4.92826874205845,5.14188055908513,5.26456956797967,5.38711086404066,5.62981575603558,5.88477445997459,6.09145965692503,6.30466963151207,6.53010244599746,6.75992137865311,6.99183926302414,7.23966963151207,7.53481019695044,7.87804637865311,8.20210609911055,8.50256035578145,8.80055590851334,9.11395806861499,9.44548443456163,9.77809323379924,10.1294448856417,10.4915803684879,10.8728391041931,11.2680098475222,11.6324817344346,12.0033791296061
East Asia & Pacific (IDA & IBRD countries),TEA,Population density (people per sq. km of land area),EN.POP.DNST,,55.9146854074937,56.6529963655933,58.11067758328,59.5440791238048,61.0157015775162,62.6962151938589,64.3296013091235,66.026851395198,67.8344179077008,69.6903937292677,71.5797233906867,73.3595457056625,75.0787628583885,76.7022004724369,78.1697117822261,79.5287815792752,80.8027757358108,82.0829602596389,83.387539902171,84.6744591613537,86.002357210406,87.4789736776071,88.9732812208467,90.4046977991198,91.8718997111628,93.4219765029985,95.0645838414236,96.733181938673,98.3635038480584,99.9665255282711,101.50478845629,102.963524014397,104.38157097237,105.793944314189,107.191393852536,108.571189668284,109.942143379648,111.260476561648,112.475469321213,113.239732891779,114.318114989172,115.348226976538,116.282856429,117.237609924872,118.165527105702,119.089234291532,120.039884645085,120.985207739425,121.905557589463,122.815438556154,123.785798668121,124.878776695313,125.964807846466,126.996322772836,127.975847866414,128.943356299366
Europe & Central Asia (IDA & IBRD countries),TEC,Population density (people per sq. km of land area),EN.POP.DNST,,217.050305686531,220.306259130784,223.61263942837,226.945253377092,230.130506338755,232.851253557111,235.724327524251,238.549941493744,241.301850043966,243.814848126069,246.346874935089,249.048610043689,251.718282339419,254.40288792417,257.106304135596,259.968099896835,262.852943660899,265.658437017497,268.339411060106,271.110497891698,273.796535321854,276.50508069709,279.291736424125,282.274345872366,285.247452381447,288.177276031822,291.098464297336,293.892595669845,296.6960604171,298.614665003811,300.07556203712,18.9979537782644,19.0581900014459,19.1039076784497,19.1365575090783,19.1599783382023,19.1730600172254,19.1752312719875,19.1657961632602,19.1530449259825,19.1397285952941,19.1278967075025,19.1321551772837,19.1418948279368,19.1504483871371,19.0859930493063,19.0846908058469,19.1312337095341,19.1995948770159,19.2706355617002,19.3537254278879,19.4450039136596,19.5401591479624,19.6413354713615,19.7342063886841,19.8321144333003
Togo,TGO,Population density (people per sq. km of land area),EN.POP.DNST,,31.3056995771281,31.861720904578,32.4521419378562,33.0834712263284,33.748630262916,34.4454679168965,35.1675675675676,35.9169516455231,37.5697003125575,39.5197278911565,40.8131274131274,41.9904945762089,43.1055341055341,44.2046699760986,45.2986946129803,46.3961757676043,47.5084390512962,48.657859900717,49.9052950910094,51.3220812649384,52.9406140834712,54.4521419378562,55.7653428939143,57.1013605442177,58.7339400625115,60.6056260341975,62.4676227247656,64.3784703070417,66.3158301158301,68.2849972421401,70.2819635962493,72.3033829748115,71.4832505975363,71.7812649384078,75.5736348593491,78.8956793528222,81.6104798676227,83.6851443280015,85.7833057547343,87.9522338665196,90.1662805662806,92.4274682846111,94.7621253906968,97.1009376723662,99.5248023533738,102.402353373782,105.689336275051,109.140246368818,112.721934179077,116.304247104247,119.51796286082,122.333480419195,125.001801801802,127.553667953668,130.014745357602,132.3935282221
Thailand,THA,Population density (people per sq. km of land area),EN.POP.DNST,,54.1218931668265,55.7478909354264,57.4337372037033,59.1754408972577,60.9707314686136,62.8042651059915,64.6671514416019,66.5555403315782,68.456579694259,70.3760261504433,72.3000782947405,74.25067822819,76.2351719548239,78.2025308774883,80.13467674059,82.0068977666425,83.8614457123843,85.711162872634,87.5304546967057,89.3539157157118,91.1661120789211,92.964389594629,94.7822603691597,96.5994793399753,98.3983890857132,100.173880874552,101.928213509757,103.681017440153,105.402250973791,107.143081680988,108.902961498561,110.647759791736,112.368999197479,114.037961204956,115.67701853628,117.285646616689,118.860388733387,120.422458846327,121.942185206209,123.329513202451,124.58873925894,125.793100275989,126.970905674411,128.1137759596,129.220419268336,130.297494568302,131.344113214195,132.356926148486,133.338057116013,134.235250249564,135.072536162383,135.912031944254,136.712626984282,137.439305917125,138.07433106931,138.698821664155
Tajikistan,TJK,Population density (people per sq. km of land area),EN.POP.DNST,,,,,,,,,,,,,,,,,,,,,,,,,,,,,,,,,40.3643898256645,40.9044941411832,41.6216633323807,42.5020291511861,43.344691340383,43.8684552729351,44.1297299228351,44.3581737639326,44.903793941126,45.780058588168,46.6681123178051,47.5748428122321,48.517769362675,49.4764218348099,50.425593026579,51.4038082309231,52.4321448985424,53.5169334095456,54.6737710774507,55.9072949414118,57.2598170905973,58.7076593312375,60.7089475883735,62.2799913538439,63.8780243533396
Turkmenistan,TKM,Population density (people per sq. km of land area),EN.POP.DNST,,,,,,,,,,,,,,,,,,,,,,,,,,,,,,,,,8.39420551997106,8.58086736322431,8.76016002383334,8.91878152065201,9.07330666269444,9.22845955780648,9.3854552805737,9.55923222607622,9.75182899580789,9.94916051326793,10.1493094716234,10.3501904538974,10.5507054242121,10.7510842040304,10.9529185197795,11.1592066903581,11.3740961419786,11.6008597025089,11.8408188453599,12.0941778562765,12.3604494286383,12.6387781158896,12.9280594982231,13.2270125337816,13.5340178324431
Latin America & the Caribbean (IDA & IBRD countries),TLA,Population density (people per sq. km of land area),EN.POP.DNST,,10.7575712995029,11.0626611604997,11.3750576366762,11.6936940582701,12.0172022083733,12.3446314238894,12.6754212733067,13.0091256774062,13.3458420938189,13.6843154046163,14.0262863615092,14.3743252591218,14.7281222784414,15.0867664112,15.4492841890254,15.8163485676832,16.1905023133289,16.5727703552179,16.9599643665401,17.351220544741,17.74310626984,18.1361736233231,18.5354864618497,18.9390043834157,19.3427225350948,19.7453983271063,20.1478767465701,20.5516915040149,20.9556920533472,21.3611344199189,21.764561099921,22.1662297755723,22.5663138058441,22.9629385275289,23.358816071045,23.7516570752641,24.1416963117484,24.5673399034801,24.9548611538075,25.3309386607104,25.695108937092,26.0501619925308,26.3968363338717,26.7366789597499,27.0696545262619,27.4018628690075,27.7328975330975,28.0626989258994,28.3883302401452,28.7079897400323,29.0267758338296,29.3456982827995,29.6612633119693,29.9763215378586,30.2810076969361,30.5775905817578
Timor-Leste,TLS,Population density (people per sq. km of land area),EN.POP.DNST,,31.9630800268998,32.46630800269,32.9901815736382,33.5345662407532,34.0977807666442,34.6802958977808,35.2823133826496,35.9028244788164,36.5404169468729,37.1936112979153,37.8591795561533,38.5314055144586,39.1967047747142,39.7328177538668,40.2258238063215,40.862138533961,41.5813718897108,42.2848016139879,42.9535305985205,43.7034969737727,44.4178211163416,44.9999327505044,45.5754539340955,46.1854068594486,46.850369872226,47.5578345662408,48.3171486213853,49.1422326832549,50.0911903160726,51.1328177538668,52.3388029589778,53.7537323470074,55.2412239408204,56.7917283120377,58.3823806321453,60.0055144586416,61.6801613987895,63.3846671149966,56.1329522528581,50.1067921990585,54.6233355749832,59.122999327505,61.6595830531271,62.4797579018157,63.7734364492266,65.6756556825824,67.5782784129119,69.4303295225286,71.2025554808339,72.9441156691325,74.660860793544,76.3204438466712,77.9216543375925,79.4823806321453,81.0444519166106,82.6033624747814
"Middle East, North Africa, Afghanistan & Pakistan (IDA & IBRD)",TMN,Population density (people per sq. km of land area),EN.POP.DNST,,15.4850572553416,15.8878990008021,16.3086805876512,16.7451769046433,17.1961908624033,17.6677918948979,18.1624871907262,18.6737287385934,19.2011752229137,19.7425364300219,20.2860449236513,20.8424755021086,21.4261469253148,22.0324019508937,22.6803204045709,23.3633120068224,24.0629823189077,24.7879261864839,25.5417380725433,26.3341352724323,27.1630755499188,28.0135122348308,28.8958407836971,29.8222076666107,30.7688515986932,31.732119474845,32.7105353030455,33.6957219091882,34.7003035474499,35.7164179015469,36.7300177019649,37.7528293822799,38.7742417028873,39.7682048458259,40.748573754377,41.723454656233,42.7022281018941,43.7032191535062,44.7215631003983,45.7267664443899,46.7373497544486,47.755065137466,48.816364935731,49.9344941068422,51.0813612608117,52.2570719459928,53.4091525700013,54.5766841700883,55.8091016644827,57.0281145951084,58.2363795525518,59.411911671573,60.5551600896305,61.6802231974817,62.7432255878524,63.7760400764393
Tonga,TON,Population density (people per sq. km of land area),EN.POP.DNST,,94.4958333333333,97.1388888888889,99.8402777777778,102.609722222222,105.45,108.336111111111,110.852777777778,112.990277777778,115.118055555556,117.223611111111,119.3,121.327777777778,123.340277777778,125.948611111111,129.190277777778,132.395833333333,134.340277777778,135.005555555556,135.477777777778,135.790277777778,135.984722222222,136.083333333333,136.108333333333,136.097222222222,136.088888888889,136.125,136.633333333333,137.456944444444,138.059722222222,138.472222222222,138.743055555556,138.919444444444,139.031944444444,139.119444444444,139.201388888889,139.270833333333,139.825,140.816666666667,141.730555555556,142.606944444444,143.455555555556,144.269444444444,145.088888888889,145.931944444444,146.765277777778,147.573611111111,148.230555555556,148.638888888889,148.893055555556,149.166666666667,149.402777777778,149.25,148.719444444444,148.068055555556,147.354166666667,146.561111111111
South Asia (IDA & IBRD),TSA,Population density (people per sq. km of land area),EN.POP.DNST,,155.066291965092,158.864055316703,162.722312224363,166.670414079705,170.584767168252,174.423360139305,178.367740405287,182.406120748144,186.458882098917,190.721237164763,194.893693947099,199.155147667243,203.808626280619,208.64957645691,213.668844695305,218.771540299986,223.998703849983,229.233548951117,234.630143741547,240.270390302057,246.011823867813,251.884960279706,257.87197702805,263.966016138409,270.142104226552,276.406580210977,282.710325071445,289.039711056875,295.453974606782,301.927574116689,308.41164085739,314.971775216003,321.58119009217,328.829386683865,335.46089299737,342.173926077207,348.930002955956,355.731697704207,362.556636121785,369.362022618166,376.217803147914,382.915998710263,389.41334579283,396.061871291822,402.315400660187,408.379305503822,414.28225328772,419.986744874377,425.75854200787,431.612115524143,437.408578434374,443.137785083324,448.546924775609,453.976476752004,459.325034807082,464.622057592857
Sub-Saharan Africa (IDA & IBRD countries),TSS,Population density (people per sq. km of land area),EN.POP.DNST,,11.5803279458499,11.8675412491744,12.1658501227658,12.4763477988963,12.7990405830519,13.1314544408024,13.4756814529985,13.8346996957628,14.2082147972282,14.5957717197558,14.9940046743015,15.4013692139656,15.8317270314352,16.2848993865236,16.7510980794762,17.2303477127132,17.716712053902,18.2397280668484,18.7965729165834,19.3556203054846,19.9436033292502,20.5683066431034,21.1867772577007,21.8025486198356,22.4432034611443,23.100807725133,23.7786743564214,24.464046154814,25.1596357786698,25.8699035187549,26.579858653191,27.3069696611153,26.6108420583191,27.3279257464824,28.0622802904009,28.8242538353538,29.5916394081725,30.3885142456066,31.2090067924459,32.0491625054122,32.9175875063926,33.8149233729561,34.7396305637423,35.4482929714408,36.4297825401275,37.4393667992787,38.4816677407068,39.5616425246272,40.6696761279706,41.8059392106961,42.967266081547,39.5348275372744,40.6325065160186,41.7493292302074,42.8856228719352,44.0332822288675
Trinidad and Tobago,TTO,Population density (people per sq. km of land area),EN.POP.DNST,,168.254191033138,171.577777777778,174.81559454191,177.965497076023,180.979532163743,183.808382066277,186.436257309942,188.890058479532,191.170760233918,193.269200779727,195.43567251462,197.840350877193,200.36081871345,202.87738791423,205.354580896686,207.857894736842,210.439376218324,213.134502923977,215.914035087719,218.663547758285,221.273294346979,223.767446393762,226.224951267057,228.651851851852,231.455360623782,234.527095516569,237.302923976608,239.779532163743,242.027290448343,244.095126705653,246.037231968811,247.889668615984,249.60350877193,251.138596491228,252.469590643275,253.592202729045,254.548927875244,255.404483430799,256.278362573099,257.265886939571,258.395126705653,259.65126705653,260.956920077973,262.25730994152,252.338011695906,253.010526315789,254.032748538012,255.085185185185,255.381286549708,256.86432748538,258.873099415205,260.271734892788,261.317153996101,262.250097465887,263.09298245614,263.917153996101
Tunisia,TUN,Population density (people per sq. km of land area),EN.POP.DNST,,27.7824279093718,28.1226570545829,28.495951338826,28.8997747167868,29.3600991246138,29.9452046858908,30.6447605561277,31.4102664778579,32.2135491761071,33.0290679711637,33.8675205973223,34.735820030896,35.6413619979403,36.5903321318229,37.5853630278064,38.6006307929969,39.6236547373841,40.6114186405767,41.5577947991761,42.5218524716787,43.500798146241,44.4686019567456,45.4029351184346,46.4729917610711,47.6950502059732,48.9205780123584,50.1415229145211,51.3287847579815,52.4694902162719,53.5820610195675,54.7233972708548,55.8864057672503,57.0153836251287,58.0487126673532,58.9679325437693,59.8251287332647,60.6415422245108,61.4164971678682,62.1521820288363,62.8535980947477,63.5277870751802,64.1832839855819,64.8277033985582,65.4361676107106,66.0110195674562,66.5963568486097,67.209719361483,67.8593910916581,68.554846807415,69.2969876416066,70.069741246138,70.865390061792,71.713188722966,72.5687950566426,73.3925334706488,74.2061920700309
Turkiye,TUR,Population density (people per sq. km of land area),EN.POP.DNST,,37.8353728414953,38.8708171459013,39.9241726543924,40.9847225290074,42.0269740004937,43.1086002364773,44.2425853981783,45.3746397619635,46.4999727141614,47.605297350675,48.748893624209,49.9333718799943,51.101871028936,52.2461884282058,53.3413796239752,54.4417239452724,55.5764432259657,56.7094655873602,57.8335420916544,59.0008380650442,60.1863103049517,61.4868131439783,62.9489624884685,64.4128594259579,65.8590686433741,67.2761872588127,68.6611358704832,70.0461598430415,71.4326663461663,72.7825422605668,74.0744084819978,75.3480477632109,76.6591310110053,78.0035029819524,79.2907020256487,80.4946974520224,81.6664709016021,82.8117186180372,83.9259423359277,85.0096293023921,86.0739939971155,87.1182191442641,88.1355066720372,89.1241466678794,90.0816717123813,91.0117186180372,91.1582344763068,92.3192677000637,93.6023881605447,95.0354715902447,96.4406649948677,97.6778802801346,98.9405610488157,100.284401595572,101.631276067721,103.007889505347
Tuvalu,TUV,Population density (people per sq. km of land area),EN.POP.DNST,,188.266666666667,189.966666666667,191.7,191.733333333333,190.5,189.533333333333,188.4,187.466666666667,187.7,188.766666666667,189.5,189.733333333333,189.366666666667,194.066666666667,203.9,213.466666666667,222.866666666667,231.9,239.466666666667,245.533333333333,250.866666666667,255.466666666667,259.633333333333,263.4,268.2,273.9,279.033333333333,283.933333333333,288.733333333333,293.266666666667,297.6,301.266666666667,304.2,306.9,309.333333333333,311.4,313.333333333333,315.033333333333,316.533333333333,318.133333333333,319.533333333333,320.766666666667,323.166666666667,327.2,331.333333333333,335.2,339.4,344.033333333333,348.7,353.8,359.333333333333,364.466666666667,366.7,366.133333333333,365.433333333333,364.333333333333
Tanzania,TZA,Population density (people per sq. km of land area),EN.POP.DNST,,11.5013389026868,11.8398690449311,12.1918356288101,12.5624587943102,12.9495687514112,13.3522905847821,13.7729837435087,14.2267735380447,14.717430571235,15.2321934974035,15.7726924813728,16.3460239331678,16.9452483630616,17.567882140438,18.2189670354482,18.8938936554527,19.5901207947618,20.2941589523594,20.9889794536013,21.6637717317679,22.3354064122827,23.0284161210205,23.7975547527659,24.5868886881915,25.4026789342967,26.257573944457,27.1284466019417,27.9630684127343,28.7184003160984,29.4764134116053,30.2330503499661,30.9975028223075,31.9854278618198,33.2381530819598,34.3006288101151,34.9353827048995,35.6492312034319,36.6002009482953,37.5935086927072,38.6770591555656,39.7361695642357,40.7781711447279,41.8712519756153,43.022881011515,44.2335470760894,45.489841950779,46.7775028223075,48.0590742831339,49.2594061864981,50.5288868819147,51.9636114247008,53.4818920749605,55.1186814179273,56.8429803567397,58.7276608715286,60.7631666290359
Uganda,UGA,Population density (people per sq. km of land area),EN.POP.DNST,,39.3484660427406,40.4996296481658,41.7079375406636,42.9726390070567,44.28808868425,45.6576948100696,47.0893548871428,48.5893198538612,50.12190581052,51.657089234773,53.1415144387168,54.4807366998649,55.7741654571843,57.178549622141,58.6819478504579,60.2437015164406,61.8571092537911,63.5209098643712,65.0726340023022,66.4418247334968,67.8467143786597,69.434117411541,71.1770231720134,73.1078374455733,75.1898353435764,77.4114358640709,79.8467043691507,82.4307241879786,85.1343676492668,87.9330213703018,90.8658275361594,94.0144737500626,97.3182573444773,100.639612632,103.426590260748,106.258695760973,109.384144937691,112.686081777689,116.396982133026,120.11485911616,123.846033732045,127.785746459136,131.885911616035,135.901681597518,139.949396927081,144.106916570742,148.408137730844,152.842965817527,157.405290025524,161.534021543986,166.340230400958,171.241960901656,176.227019748654,181.505779972073,187.170586475165,193.49267903451
Ukraine,UKR,Population density (people per sq. km of land area),EN.POP.DNST,,,,,,,,,,,,,,,,,,,,,,,,,,,,,,,,,90.3144403210494,90.3601035643393,89.8869388107362,89.1784568913437,88.4199689306982,87.6618365409511,86.9590592905843,86.262960214033,85.5383792180892,84.7619832570985,84.0219577450202,83.3968584941485,82.81752856699,82.131858193241,81.6050365921016,81.236597448777,80.8174670303114,80.480099081682,80.190573430919,79.9348425740523,79.7660291376096,79.6222640336947,79.3598715669181,79.0362271055948,78.7461064406429
Upper middle income,UMC,Population density (people per sq. km of land area),EN.POP.DNST,,30.6835385954674,31.1971901683996,32.000248882283,32.7980634231367,33.6112607250312,34.5103524600255,35.3950730476354,36.3065827542055,37.2640172533753,38.2394809120936,39.2323988584925,40.1856922523394,41.1173604225003,42.0152143947091,42.8637929179928,43.6840092493277,44.4751054148529,45.2723533600191,46.0741491837519,46.873123701965,47.7084368450524,48.6049129798454,49.4975337383357,50.369209006771,51.2558131195866,52.1779733739221,53.1368333262949,54.0999594262651,55.0453067312313,55.968617160177,56.8470532874102,52.1561044304622,52.8739798921415,53.5692172666692,54.2535170135676,54.9330100151475,55.6054133164154,56.3005975860282,56.9332947404057,57.4754055115556,58.0575917095183,58.6087060092528,59.1358602071867,59.6764393610514,60.2120857996769,60.6020001641626,61.1069958759679,61.6390024074876,62.1810456605484,62.7138262227806,63.2652400170749,63.870400234472,64.4799290012771,65.0869247077971,65.6704167305539,66.2281833035066
Uruguay,URY,Population density (people per sq. km of land area),EN.POP.DNST,,14.6385784481774,14.8171523254485,14.9912352873957,15.1592960804479,15.3192149468632,15.4704948005942,15.6112272883099,15.7388069934865,15.8494686321563,15.9456462118615,16.0350931322135,16.1218375042852,16.2103359616044,16.3063878413896,16.4113815563936,16.520351959776,16.6235915895326,16.7164609758885,16.7975259970289,16.8663752713976,16.9308993257913,17.0008684721746,17.0767797965947,17.1551137012913,17.2382413438464,17.3285624500057,17.4259856016455,17.5292023768712,17.6337275739915,17.7374185807336,17.8399840018284,17.9391041023883,18.0341960918752,18.1284081819221,18.2232887669981,18.3197577419723,18.4170094846303,18.508056222146,18.5922466003885,18.6619014969718,18.707867672266,18.734241800937,18.7474917152325,18.7587018626443,18.773688721289,18.7950291395269,18.8272940235402,18.8674265798194,18.9126442692264,18.9611472974517,19.0082561992915,19.0572563135642,19.1140269683465,19.1768597874529,19.2436121586104,19.3079819449206
United States,USA,Population density (people per sq. km of land area),EN.POP.DNST,,20.0558797068663,20.3667228593639,20.6619528854804,20.9509594975849,21.2145265401312,21.4609518984688,21.6959130731,21.9136233808205,22.1288224863958,22.3881314035655,22.6729890729952,22.9170124118896,23.1367971909474,23.3491575462716,23.5805156917379,23.8056504231922,24.0462890983256,24.3024317171382,24.5721129909946,24.8090394542612,25.0537178893674,25.293701468289,25.526042258073,25.7480106911702,25.9771851825972,26.2183697712404,26.4537676766794,26.6950614480247,26.9483653165862,27.2545136128993,27.6211491261017,28.0068916121481,28.3786587123429,28.7288076375484,29.0729515141457,29.4131648134723,29.7694279699879,30.1184850681737,30.4663411566379,30.7973013298523,31.1036283879362,31.3935499327652,31.6645346171981,31.9589450682826,32.2548765979183,32.5673998463204,32.8786113609374,33.2436868537795,33.5363992251367,33.8213646033526,34.0904277927547,34.3636893244215,34.6246572257533,34.9013776562134,35.1809713558577,35.4584505795077
Uzbekistan,UZB,Population density (people per sq. km of land area),EN.POP.DNST,,,,,,,,,,,,,,,,,,,,,,,,,,,,,,,,,50.5056182416549,51.6877174424071,52.8051034320639,53.8730347907851,54.8941725434885,55.8508697696286,56.7346708979784,57.5364551010813,56.8556053811659,57.5582699220712,58.2687291671924,58.9874184689718,59.7204791523748,60.4727210570633,61.2574119536538,62.1032147968733,63.0661816146635,64.0891121586439,65.1205023262643,66.1372206631804,67.1452569986232,68.207469669955,69.3523563008704,69.7897094870631,71.0059170523229
St. Vincent and the Grenadines,VCT,Population density (people per sq. km of land area),EN.POP.DNST,,220.179487179487,223.682051282051,226.982051282051,230.125641025641,233.146153846154,236.030769230769,238.779487179487,241.341025641026,243.738461538462,246.061538461538,248.389743589744,250.74358974359,253.053846153846,255.271794871795,257.402564102564,259.479487179487,261.535897435897,263.525641025641,265.328205128205,267.21282051282,269.417948717949,271.715384615385,273.94358974359,276.120512820513,278.220512820513,280.207692307692,282.053846153846,283.738461538462,285.312820512821,286.697435897436,287.748717948718,288.484615384615,289.064102564103,289.533333333333,289.864102564103,290.048717948718,290.105128205128,290.205128205128,290.682051282051,291.141025641026,291.028205128205,290.633333333333,290.105128205128,289.320512820513,288.333333333333,287.215384615385,285.976923076923,284.687179487179,283.353846153846,281.946153846154,280.382051282051,278.810256410256,277.269230769231,275.730769230769,274.25641025641,272.689743589744
"Venezuela, RB",VEN,Population density (people per sq. km of land area),EN.POP.DNST,,9.58666175386883,9.92786123235644,10.2760852559379,10.63172382518,10.9946034805283,11.3654033218072,11.7436800634885,12.1280312907432,12.5166147043818,12.9105946374922,13.3110458590783,13.7171135423162,14.1301932996996,14.5517272263477,14.9831551499348,15.4257513746386,15.8798390113939,16.3445201519188,16.8182665381781,17.2985862479451,17.7850427980273,18.2777325548438,18.7769457513746,19.2833070687603,19.7964219715436,20.3203174423219,20.8547848761408,21.3945014454963,21.9363085992858,22.4783288929199,23.0201190408707,23.5598299416133,24.0967292103622,24.6303361487444,25.1616359616802,25.6925491752168,26.2249135536534,26.7573686298963,27.2848398616858,27.8064826257015,28.3203015702058,28.8369945014455,29.3551419987529,29.8632027662831,30.3676707669633,30.8652411994785,31.346707102772,31.8051085539369,32.2411405249136,32.6660631483476,33.0879337906014,33.5058398049997,33.9121342327532,34.2997324414716,34.662402358143,34.8797913950456
British Virgin Islands,VGB,Population density (people per sq. km of land area),EN.POP.DNST,,53.56,53.8,54.0933333333333,54.4533333333333,55.0466666666667,56.0866666666667,57.64,60.0,63.5533333333333,66.22,67.3,68.2333333333333,69.1133333333333,69.96,70.7066666666667,71.3933333333333,72.0,72.5733333333333,73.1,74.2,76.5266666666667,79.4733333333333,82.4666666666667,85.4666666666667,88.46,91.5066666666667,94.6266666666667,97.8666666666667,101.2,104.693333333333,107.913333333333,110.62,113.26,116.04,118.933333333333,121.913333333333,125.04,128.253333333333,131.533333333333,134.94,138.64,142.866666666667,147.56,152.54,157.766666666667,163.286666666667,169.106666666667,175.253333333333,181.453333333333,184.5,191.4,202.3,211.353333333333,219.746666666667,229.986666666667,225.853333333333
Virgin Islands (U.S.),VIR,Population density (people per sq. km of land area),EN.POP.DNST,,98.0,100.0,113.714285714286,116.571428571429,124.285714285714,132.0,140.285714285714,159.142857142857,172.285714285714,181.36,202.677142857143,218.054285714286,240.345714285714,256.974285714286,269.954285714286,274.76,266.294285714286,274.082857142857,274.808571428571,284.674285714286,285.294285714286,285.908571428571,286.708571428571,287.428571428571,287.885714285714,288.12,288.288571428571,288.434285714286,288.688571428571,297.037142857143,299.448571428571,302.034285714286,304.508571428571,306.622857142857,308.051428571429,308.842857142857,309.591428571429,310.105714285714,310.282857142857,310.405714285714,310.14,310.025714285714,310.014285714286,309.902857142857,309.865714285714,309.625714285714,309.534285714286,309.705714285714,309.725714285714,309.591428571429,309.4,309.108571428571,308.688571428571,308.234285714286,307.748571428571,307.188571428571
Viet Nam,VNM,Population density (people per sq. km of land area),EN.POP.DNST,,102.642351531537,105.34443454484,108.295496021383,111.221736458877,114.073108236812,116.82336170082,119.497004516268,122.076281913423,124.680008602415,127.423976159022,130.41652892562,133.427042305447,136.440016590371,139.523601339519,142.809004884943,146.501984699991,150.403613014225,154.381246735691,157.848815631817,161.264865280039,165.09920734892,169.010688500415,173.086488064149,177.289830716765,181.4514178623,185.403692893791,189.205969461427,193.072684260653,197.079320409229,201.249046053642,205.510998801806,209.715619527482,213.789621800977,217.685308304403,221.358382746014,224.757894251744,228.046603582291,231.342468278595,234.377252757381,248.035784093101,250.632810440708,253.6539172436,256.599403360531,259.099464637017,259.203077001761,262.689291708627,267.577137683246,272.308076932914,276.440290060813,279.147229120251,282.390144405715,285.558644407367,289.364162813695,292.559228518274,296.1974772084,299.948999160782
Vanuatu,VUT,Population density (people per sq. km of land area),EN.POP.DNST,,5.43593109105824,5.59261689909762,5.75545529122231,5.92444626743232,6.09991796554553,6.28301886792453,6.47424118129614,6.67054963084496,6.87079573420837,7.07678424938474,7.28974569319114,7.51123872026251,7.74093519278097,7.97867104183757,8.22551271534044,8.48137817883511,8.74634946677605,9.02075471698113,9.27317473338802,9.48810500410172,9.70049220672682,9.92904019688269,10.1721082854799,10.4273174733388,10.6936833470057,10.9696472518458,11.2540607054963,11.5468416735029,11.8452009844135,12.1462674323216,12.4522559474979,12.7652173913043,13.0814602132896,13.3973748974569,13.7109926168991,14.0205906480722,14.3253486464315,14.6278096800656,14.9342083675144,15.2814602132896,15.6711238720263,16.0675143560295,16.4680885972108,16.8753896636587,17.2895816242822,17.7131255127153,18.1522559474979,18.6132895816243,19.0919606234619,19.5445447087777,19.9732567678425,20.4169811320755,20.8762920426579,21.3486464315012,21.829450369155,22.3205086136177
World,WLD,Population density (people per sq. km of land area),EN.POP.DNST,,29.3883018034454,29.9122521773791,30.5521708728584,31.1968446175323,31.846741744116,32.5190216391774,33.189643962062,33.8771020504802,34.588283056102,35.3156096988187,36.0642578209648,36.7919062875856,37.5271183267193,38.2586738721403,38.9763435242687,39.6834575511777,40.3858644438861,41.1004257454071,41.8356618765897,42.5798303675061,43.3409052691453,44.1335225025108,44.9333158580932,45.7311517202009,46.5437672455152,47.3782164816409,48.2352558227863,49.1001035874354,49.9687908278513,50.8476061199902,51.7029970900833,43.5194908254266,43.7904294989125,44.4719277888292,45.147238180132,45.8252381499231,46.4755846914137,47.1582082007441,47.8192273631892,48.4408170082253,49.0954635806151,49.7443909573622,50.3877969573274,50.9814742901465,51.6325542243181,52.2521992519545,52.9154052869962,53.5971060080677,54.2733156908108,54.9368942767572,55.6100860131458,55.2310680568682,55.9161894646313,56.5955137439097,57.2668873357048,57.9319860400358
Samoa,WSM,Population density (people per sq. km of land area),EN.POP.DNST,,40.8113074204947,41.9070671378092,43.026148409894,44.1321554770318,45.2219081272085,46.3155477031802,47.2664310954064,48.0636042402827,48.8455830388693,49.6113074204947,50.3544169611307,51.0734982332155,51.7724381625442,52.8024734982332,54.1851590106007,55.516961130742,56.4498233215548,57.0229681978799,57.5554770318021,58.0643109540636,58.5434628975265,58.8282685512367,58.9095406360424,58.9385159010601,58.9572438162544,59.0321554770318,59.2441696113074,59.4862190812721,59.6353356890459,59.7321554770318,59.8473498233216,60.1876325088339,60.6975265017668,61.186925795053,61.6858657243816,62.2159010600707,62.7374558303887,63.2173144876325,63.7014134275618,64.1996466431095,64.7229681978799,65.1840989399293,65.5229681978799,65.8123674911661,66.069964664311,66.3282685512367,66.6971731448763,67.1756183745583,67.6724381625442,68.2060070671378,68.8031802120141,69.4339222614841,70.0593639575972,70.6844522968198,71.3010600706714,71.9077738515901
Kosovo,XKX,Population density (people per sq. km of land area),EN.POP.DNST,,,,,,,,,,,,,,,,,,,,,,,,,,,,,,,,,,,,,,,,,,,,,,,,,,,,,,,,,
"Yemen, Rep.",YEM,Population density (people per sq. km of land area),EN.POP.DNST,,10.711275261852,10.9517983976362,11.1959675739152,11.4552076822547,11.734744398356,12.0300282213005,12.3424512756407,12.6721669791844,13.0232001818285,13.3819705665095,13.7459742030797,14.1297194916378,14.5326363240336,14.9568782317177,15.4054169744493,15.8799041612213,16.3801390230506,16.9073735250109,17.4710570676364,18.0755686876148,18.7176582002765,19.3969467962195,20.1176184252893,20.882999034036,21.69408299714,22.5411292308275,23.4291948406159,24.3568914900468,25.3123738091179,26.3042634998201,27.3314790613103,28.3908062958123,29.4787847794382,30.587243593386,31.7064568062579,32.7919711347236,33.8540750421425,34.9376157736235,36.0426160577306,37.1690455897115,38.3092732541622,39.4626323465348,40.6393904956721,41.8492849972536,43.1654923575203,44.5917059681421,46.0595905070364,47.5631967725439,49.1083281247041,50.6740667083357,52.2433035967953,53.8546640907627,55.5201090971078,57.2500501922458,59.0173286360967,60.8159743924844
South Africa,ZAF,Population density (people per sq. km of land area),EN.POP.DNST,,13.9379889373418,14.3588043756028,14.8006858518329,15.2596765285346,15.7361613730226,16.2313488694161,16.745720432944,17.2759539687904,17.8178667699841,18.3663075287077,18.9121524371646,19.4622459998846,20.0267605866012,20.5995499097346,21.1780989044506,21.7588554847538,22.3552679520893,22.9739813204296,23.6043178989193,24.3336083884955,25.1762391908267,26.0618247615593,26.9883553569809,27.9392196786718,28.8866390787163,29.8250871740761,30.7695142157631,31.7211822700706,32.6674649036757,33.5888252314338,34.3650495841199,34.9879308212911,35.6916271669868,36.2744223429424,36.7174356395651,37.1967603392988,37.6450535409574,38.1042461812396,38.5217378760026,38.8756967743531,39.2112703921391,39.584379559637,39.9808324196886,40.3856440989539,40.796670486114,41.2156369271859,41.6527908069476,42.1358670832337,42.6419441261572,43.1493549530538,43.6861279872062,44.3351828800831,45.0739771987239,45.8291124318888,46.7595454582925,47.2014038529705
Zambia,ZMB,Population density (people per sq. km of land area),EN.POP.DNST,,4.37736047027805,4.51727760663985,4.66229973499778,4.81176367720846,4.96655322240009,5.127864243533,5.29512503531121,5.46899070474448,5.6459139886197,5.81352721989803,5.97603545918024,6.14658389270773,6.326010573185,6.51440831864835,6.71260845585762,6.91943932525323,7.13283740701381,7.35196061286808,7.57573817242632,7.80590672459947,8.04865413847375,8.31143410592018,8.58370169090249,8.85200231372496,9.12166292255747,9.39812346144016,9.67363295174807,9.94288327795639,10.2089293641292,10.4738683598111,10.7368272373855,10.9991794347516,11.2645058448459,11.5367021348148,11.8185111448903,12.1121524368097,12.4255949098051,12.755630288274,13.1021469215351,13.475606343911,13.8893245806373,14.3235031410162,14.7750104252142,15.2520184559921,15.7640256123973,16.3165404431052,16.9024132689436,17.5161409219925,18.1471219682804,18.7863624746096,19.4215633785765,20.0616486635548,20.7145603249976,21.3822018052435,22.0598730141648,22.7530946071376
Zimbabwe,ZWE,Population density (people per sq. km of land area),EN.POP.DNST,,10.1600129249063,10.4845780018095,10.8204135970014,11.1671345482745,11.5250407134548,11.8940597130671,12.2742846064366,12.6675455602947,13.0753030890526,13.4830502778855,13.893529791909,14.3271164534057,14.7871371332558,15.2729171513507,15.7649166343544,16.2520485976477,16.6718676489595,16.9150187411141,17.1838076773943,18.2016362931369,19.3838309422257,20.1537960449787,20.9342225668864,21.6918392141657,22.4552488044462,23.2197957864805,24.0006307354272,24.7721183921417,25.5003179526948,26.2046814010598,26.8962543621559,27.6662789194778,28.0736409461031,28.1068838050924,28.3691327387876,28.8441514799018,29.3907897117746,29.9710404549567,30.4600180948688,30.74073930464,30.947139718237,31.2463564689156,31.6203257076386,31.9656094093318,32.2694377665762,32.6649735039421,33.0982499676877,33.4991572961096,33.9738658394727,34.5264262634096,35.1439162466072,35.7189789324027,36.2254310456249,36.7257567532635,37.2211787514541,37.7414863642239
